A.1 Total Costs,A.1_Expected Number of Deaths,A.2 Total Costs,A.2_Expected Number of Deaths,A.3 Total Costs,A.3_Expected Number of Deaths,A.4 Total Costs,A.4_Expected Number of Deaths,A.5 Total Costs,A.5_Expected Number of Deaths,RfR Total Costs,Expected Evacuation Costs
53972506.18695759,0.0,13430583.000484392,0.010718341815868445,69827752.46626562,0.10323904175464554,2184279.04635131,0.0009817498400234962,823456912.2568872,0.585024049346522,253800000.0,0.0
53972506.18695759,0.0,22961234.412030455,0.019836312461871973,115577431.02083388,0.18453886329668817,134417797.8911313,0.05282757339309084,0.0,0.0,253800000.0,0.0
53972506.18695759,0.0,105634393.29767823,0.12060165699394718,169307522.68358886,0.3631175959921871,0.0,0.0,0.0,0.0,253800000.0,0.0
53972506.18695759,0.0,9234044.126278412,0.010894256857689185,51128068.91806748,0.11121463234930323,4328371.19456454,0.0028065725365675133,105988320.78995107,0.11528977066272014,253800000.0,0.0
53972506.18695759,0.0,108168861.03241545,0.1203577695832134,54762614.72858038,0.1171228486258135,0.0,0.0,26828118.83341015,0.028890780909248504,253800000.0,0.0
53972506.18695759,0.0,17857453.31300197,0.015697034233995797,67535682.50928672,0.11053529837583805,112698235.88457698,0.045731514317083596,0.0,0.0,253800000.0,0.0
53972506.18695759,0.0,724623913.3783915,0.847456849611382,0.0,0.0,0.0,0.0,0.0,0.0,253800000.0,0.0
53972506.18695759,0.0,33964103.73674949,0.03127507444452102,0.0,0.0,13325265.986029457,0.0066231525882703085,0.0,0.0,253800000.0,0.0
53972506.18695759,0.0,14245954.998166552,0.01554921505862952,50488280.891584784,0.10290676872324714,28693935.536076948,0.015568885076161894,0.0,0.0,253800000.0,0.0
53972506.18695759,0.0,25827821.38068588,0.025522262608033825,19767776.88636655,0.036578800731644774,53762848.28739287,0.025981737896193714,549718050.0821688,0.4858121715728444,253800000.0,0.0
53972506.18695759,0.0,644237605.3952224,0.6181714814993652,0.0,0.0,0.0,0.0,0.0,0.0,253800000.0,0.0
53972506.18695759,0.0,11113157.458320566,0.010881743677885369,2127577923.2334678,3.507926028797085,0.0,0.0,0.0,0.0,253800000.0,0.0
53972506.18695759,0.0,19641356.467457168,0.0201565485950094,2031990121.6879623,3.548258345742308,0.0,0.0,0.0,0.0,253800000.0,0.0
53972506.18695759,0.0,340414656.10052264,0.26991346703168423,0.0,0.0,0.0,0.0,649046665.2625048,0.4857685622000678,253800000.0,0.0
53972506.18695759,0.0,78569362.61629015,0.08182144659178586,383227544.4551705,0.7408827544549854,127801344.92210521,0.06046293869026602,9993546.393679913,0.009524780379157518,253800000.0,0.0
53972506.18695759,0.0,203312195.8877607,0.19788589353440447,260275134.09691292,0.4841973739602622,128379899.91511485,0.05823121957148244,0.0,0.0,253800000.0,0.0
53972506.18695759,0.0,897203402.6528989,0.8526174428460163,1748720341.1279666,3.158281403198021,0.0,0.0,0.0,0.0,253800000.0,0.0
53972506.18695759,0.0,350064562.96358365,0.3411386500803148,0.0,0.0,0.0,0.0,0.0,0.0,253800000.0,0.0
53972506.18695759,0.0,61317781.53388353,0.049848086649352086,58248816.7007223,0.09044957244315993,944003.203392207,0.0004336000352781227,33427941.285271164,0.02590930888287439,253800000.0,0.0
53972506.18695759,0.0,21740895.10203773,0.020180640831378594,448246028.0159296,0.7457133867145135,0.0,0.0,8571448.572456317,0.007169183005650883,253800000.0,0.0
53972506.18695759,0.0,40704425.68247673,0.03417904511067829,79452889.32544443,0.12433972704662986,172221247.54506868,0.06563124068502342,0.0,0.0,253800000.0,0.0
53972506.18695759,0.0,29013601.515688844,0.03329913143504493,85557101.2745514,0.1832930926163127,73823525.22628936,0.039892139216651176,841730026.1431803,0.8362178809923969,253800000.0,0.0
53972506.18695759,0.0,4816314.070045965,0.006213510554489522,868649046.2495494,1.9287112426573736,3577848.410993742,0.002097941800556622,0.0,0.0,253800000.0,0.0
53972506.18695759,0.0,114548173.52432767,0.11952662774635132,53599161.914988846,0.10623276233695661,17232388.342674572,0.008825089712517194,0.0,0.0,253800000.0,0.0
53972506.18695759,0.0,68946403.04308763,0.06937500596782967,130574428.2427895,0.24609972778338063,0.0,0.0,257428422.09174347,0.2441234444666433,253800000.0,0.0
53972506.18695759,0.0,85413077.08534452,0.1175349492144827,0.0,0.0,0.0,0.0,0.0,0.0,253800000.0,0.0
53972506.18695759,0.0,438110214.72190654,0.4842544806584867,315860267.1233384,0.6739506387133616,0.0,0.0,0.0,0.0,253800000.0,0.0
53972506.18695759,0.0,98830822.87275457,0.11948604636436289,4516314.501549539,0.010520870533952776,0.0,0.0,0.0,0.0,253800000.0,0.0
53972506.18695759,0.0,25555352.44045355,0.0365176087000674,165679930.64685506,0.43696598250017665,0.0,0.0,0.0,0.0,253800000.0,0.0
53972506.18695759,0.0,263035524.0501285,0.24011106122040074,0.0,0.0,0.0,0.0,0.0,0.0,253800000.0,0.0
53972506.18695759,0.0,694665223.1310802,0.4969378055338542,0.0,0.0,161551801.28369403,0.047437387935846356,0.0,0.0,253800000.0,0.0
53972506.18695759,0.0,836508207.0270178,0.867701825175031,0.0,0.0,0.0,0.0,0.0,0.0,253800000.0,0.0
53972506.18695759,0.0,20154598.92942422,0.029373505314789917,38625184.11166029,0.10475113219646524,56522727.494835585,0.03931080986790299,0.0,0.0,253800000.0,0.0
53972506.18695759,0.0,1118000908.6054008,0.846460199704532,0.0,0.0,0.0,0.0,4698554.820673588,0.003720180025453877,253800000.0,0.0
53972506.18695759,0.0,159253175.9090164,0.12121233419132299,46719139.7904609,0.06826769662237642,229452928.97302148,0.07738386994285056,0.0,0.0,253800000.0,0.0
53972506.18695759,0.0,963954477.1232473,0.8711815857606227,0.0,0.0,0.0,0.0,0.0,0.0,253800000.0,0.0
53972506.18695759,0.0,99405459.28564657,0.12087793891007806,0.0,0.0,126418134.93961288,0.06824254484295757,0.0,0.0,253800000.0,0.0
53972506.18695759,0.0,28948988.44995349,0.03315561499419976,138316023.38108653,0.2938285944421563,25342185.69152964,0.014073625136533874,0.0,0.0,253800000.0,0.0
53972506.18695759,0.0,0.0,0.0,95752928.93600285,0.1494899793923078,14250243.929480057,0.006277684192237238,144839992.1764263,0.11304713210892296,253800000.0,0.0
53972506.18695759,0.0,11625531.413880331,0.0158533374071069,179011853.0906374,0.44210479151745724,1385631.4854749197,0.0009673172449557744,0.0,0.0,253800000.0,0.0
53972506.18695759,0.0,948701617.1295328,0.8504555950554116,28679973.757018406,0.04875116304706961,0.0,0.0,0.0,0.0,253800000.0,0.0
53972506.18695759,0.0,302828288.55671537,0.27600032451351386,1820830901.4432626,3.068836866638433,0.0,0.0,0.0,0.0,253800000.0,0.0
53972506.18695759,0.0,50555965.6224184,0.05159471373293783,58381684.58481129,0.11171444662180563,69260916.08748871,0.034035132439849444,0.0,0.0,253800000.0,0.0
53972506.18695759,0.0,554321674.6235836,0.6088366265029395,0.0,0.0,411635.09375481325,0.00022400297435599422,0.0,0.0,253800000.0,0.0
53972506.18695759,0.0,241454137.64959818,0.19938398658904893,6504633.66908196,0.010452524385023717,8337011.7965621855,0.0034090045348081736,0.0,0.0,253800000.0,0.0
53972506.18695759,0.0,283150225.92063594,0.24227933614477254,0.0,0.0,173020918.28847617,0.06468177274418369,0.0,0.0,253800000.0,0.0
53972506.18695759,0.0,9808166.762306867,0.010963897041582,50698141.36696974,0.10438043993706835,29028079.42505663,0.01598391270063512,605944461.8600717,0.5978199085761695,253800000.0,0.0
53972506.18695759,0.0,74054158.52483319,0.0693821456283091,1885440798.1687622,3.1374626992783834,0.0,0.0,0.0,0.0,253800000.0,0.0
53972506.18695759,0.0,18132926.36560552,0.01984216229060215,44046960.97731644,0.0900841570409002,7188845.635942651,0.004317538603011407,108207847.4285397,0.11041428503401915,253800000.0,0.0
53972506.18695759,0.0,120867010.40714455,0.11953493529767252,10751261.848143578,0.02051023884802318,59079483.81485385,0.028569913240355276,841963608.910908,0.7653965759302932,253800000.0,0.0
53972506.18695759,0.0,48588450.125603184,0.05109487801195623,1306913448.4935467,2.4465141171669806,0.0,0.0,0.0,0.0,253800000.0,0.0
53972506.18695759,0.0,13615027.438612815,0.010997598123218122,1145852133.4529376,1.6094887686347978,4621120.704713154,0.0017131289991000741,12341686.253920987,0.00880728946153586,253800000.0,0.0
53972506.18695759,0.0,47456506.079458684,0.05101869764433316,74129700.23822443,0.1499537208203756,90401320.11144127,0.045686305293486947,0.0,0.0,253800000.0,0.0
53972506.18695759,0.0,10013026.636532594,0.010919986389191347,1924601997.0701513,3.539636741484487,0.0,0.0,13228666.5786095,0.011334934883859315,253800000.0,0.0
53972506.18695759,0.0,47719144.18296026,0.0515697783894032,1664940540.3750277,3.1597821688622827,0.0,0.0,0.0,0.0,253800000.0,0.0
53972506.18695759,0.0,61724240.151727736,0.08039279537330318,300564778.8731906,0.7290135049767219,0.0,0.0,0.0,0.0,253800000.0,0.0
53972506.18695759,0.0,342300424.02756375,0.30902366337106424,1392898414.9073682,2.3655092704467724,0.0,0.0,0.0,0.0,253800000.0,0.0
53972506.18695759,0.0,12803089.595042437,0.010930774458895696,704454445.1450732,1.0601077801843246,157038307.86291394,0.05755050459982301,0.0,0.0,253800000.0,0.0
53972506.18695759,0.0,181145132.494252,0.19755664961386193,0.0,0.0,0.0,0.0,0.0,0.0,253800000.0,0.0
53972506.18695759,0.0,250038370.6362997,0.19668629601006832,2435085707.180729,3.4836971357768194,1160056.0863792873,0.00040062516858622695,0.0,0.0,253800000.0,0.0
53972506.18695759,0.0,47613062.70674452,0.05096443672453523,1888043939.7891338,3.537510348374819,28458641.0312626,0.01300380130130685,0.0,0.0,253800000.0,0.0
53972506.18695759,0.0,27787910.449189693,0.037451388085797024,0.0,0.0,0.0,0.0,270189553.9554132,0.33644913312177327,253800000.0,0.0
53972506.18695759,0.0,355970687.10208267,0.34979139340804716,1899997187.5723271,3.468153244178266,0.0,0.0,0.0,0.0,253800000.0,0.0
53972506.18695759,0.0,11054580.074332401,0.010773699661967623,786007013.0946817,1.3448151185661876,30098264.708827395,0.013673387077201293,39319693.47166122,0.03450845687878272,253800000.0,0.0
53972506.18695759,0.0,30223111.22153052,0.030340380693598578,400279133.4383904,0.7316167957147055,0.0,0.0,0.0,0.0,253800000.0,0.0
59581590.75193003,0.003962185154975928,38310527.65171225,0.04123220561346482,124968525.96841952,0.25052658702837405,46868967.2230773,0.02446456806902375,0.0,0.0,253800000.0,0.0
53972506.18695759,0.0,113731638.79691973,0.07973147113751741,137258355.83633035,0.18286095267596614,66752738.607195094,0.022850818961602876,0.0,0.0,253800000.0,0.0
53972506.18695759,0.0,191328915.81678385,0.1956012324886794,153179665.2341509,0.2996792649426804,0.0,0.0,0.0,0.0,253800000.0,0.0
53972506.18695759,0.0,215764243.5860211,0.19412264856100475,0.0,0.0,0.0,0.0,0.0,0.0,253800000.0,0.0
53972506.18695759,0.0,47512171.862627864,0.05113549844686253,374204685.493849,0.7405136220401851,0.0,0.0,288256166.7417728,0.283946777991846,253800000.0,0.0
53972506.18695759,0.0,33879269.20227348,0.031125858645824234,831146615.4960015,1.3617133797540935,7387366.412618989,0.0031827852962664446,690457157.8864573,0.5595197267531351,253800000.0,0.0
53972506.18695759,0.0,284637378.6625918,0.27137986337781217,0.0,0.0,0.0,0.0,0.0,0.0,253800000.0,0.0
53972506.18695759,0.0,954084866.4426897,0.7691266843589014,0.0,0.0,0.0,0.0,0.0,0.0,253800000.0,0.0
53972506.18695759,0.0,20099966.44306591,0.025584069063459176,468074109.2063943,1.0646775201693934,0.0,0.0,842464187.1749059,0.9255362398960421,253800000.0,0.0
53972506.18695759,0.0,158989484.49284127,0.12081309476774335,2621488398.1697664,3.5670818177528973,0.0,0.0,853306902.0968457,0.5366175127777886,253800000.0,0.0
53972506.18695759,0.0,83098932.51250249,0.06994037758766906,2403129364.0629473,3.563763868729248,0.0,0.0,0.0,0.0,253800000.0,0.0
53972506.18695759,0.0,739519353.0319617,0.8738701933643982,71781981.05471206,0.1689791920751019,0.0,0.0,0.0,0.0,253800000.0,0.0
53972506.18695759,0.0,30553604.164729975,0.03098341857510066,2028497237.2382188,3.5388267141787044,0.0,0.0,0.0,0.0,253800000.0,0.0
53972506.18695759,0.0,389570766.20084524,0.34154999870080127,0.0,0.0,0.0,0.0,217547095.90010208,0.1879416697146301,253800000.0,0.0
53972506.18695759,0.0,144367751.54093364,0.11842462879595878,9772881.94048671,0.015428795843722608,55556158.78025708,0.022352762550256387,126752844.96604463,0.0990565862999804,253800000.0,0.0
53972506.18695759,0.0,600681053.5565085,0.5003119506387683,7400094.15602489,0.01215870501941606,0.0,0.0,0.0,0.0,253800000.0,0.0
53972506.18695759,0.0,472049579.4141444,0.4946482591869366,1740945274.3808966,3.427507440046705,0.0,0.0,0.0,0.0,253800000.0,0.0
53972506.18695759,0.0,195431501.85561907,0.19632192305352958,0.0,0.0,149716144.1367265,0.0654642271186873,0.0,0.0,253800000.0,0.0
53972506.18695759,0.0,1026498384.2856807,0.8600157366673578,0.0,0.0,19395580.25767892,0.00791864294996504,0.0,0.0,253800000.0,0.0
53972506.18695759,0.0,82288793.18525602,0.06860330258295866,1273693971.0376966,1.9245935265206136,21147330.378099907,0.008118863405551874,0.0,0.0,253800000.0,0.0
53972506.18695759,0.0,29294550.808703505,0.028554998785466214,520187660.605373,0.918772577947556,0.0,0.0,0.0,0.0,253800000.0,0.0
53972506.18695759,0.0,42924606.6172131,0.04032805892802197,19731005.11177607,0.035626095672075475,2784131.472463581,0.001453295297389029,37869883.4275142,0.033895542182432924,253800000.0,0.0
53972506.18695759,0.0,12454888.43276534,0.0109397698969224,2392665049.5936675,3.5419355017247156,0.0,0.0,216655144.1822152,0.17003378864138863,253800000.0,0.0
53972506.18695759,0.0,38596192.391062215,0.041829305600614326,830519437.8726517,1.6107161304787445,0.0,0.0,0.0,0.0,253800000.0,0.0
53972506.18695759,0.0,145134546.3353247,0.1196304403008336,1611868036.143889,2.417809510756788,766675.8577004808,0.00030889124844479506,0.0,0.0,253800000.0,0.0
53972506.18695759,0.0,21863665.644582454,0.025460505872830427,1783239606.7383184,3.5581427374545793,0.0,0.0,0.0,0.0,253800000.0,0.0
53972506.18695759,0.0,75239121.97549792,0.0692616382773641,948580528.3111013,1.5874711883288017,0.0,0.0,0.0,0.0,253800000.0,0.0
53972506.18695759,0.0,75737527.39255399,0.07016565383662611,14843813.696812913,0.026176910816547258,54386212.53266763,0.024694098317721437,63799325.93062119,0.05499519716224789,253800000.0,0.0
53972506.18695759,0.0,229042792.13000143,0.1979675840462062,0.0,0.0,0.0,0.0,0.0,0.0,253800000.0,0.0
53972506.18695759,0.0,26896560.465405025,0.03400429687473583,1642008834.2097497,3.5806117291919355,10540022.051693644,0.006228169400277145,0.0,0.0,253800000.0,0.0
53972506.18695759,0.0,158759270.90481004,0.12046454212420657,1772800890.3551638,2.4497578757717844,17065268.690518167,0.005828307899831136,0.0,0.0,253800000.0,0.0
53972506.18695759,0.0,31648172.4690338,0.031117753021680565,164232840.1482101,0.2972577563884906,51716866.363647535,0.02412592211593429,0.0,0.0,253800000.0,0.0
53972506.18695759,0.0,304760361.10705864,0.2787336720616267,5726091.492666812,0.010243478250769617,0.0,0.0,0.0,0.0,253800000.0,0.0
53972506.18695759,0.0,10196720.35186785,0.010583666697110954,95463673.23108014,0.18168655749571122,1233589.2094448349,0.0007109713329967525,311436719.4098768,0.29329736189239475,253800000.0,0.0
53972506.18695759,0.0,20710876.039739676,0.020141009067169396,57511008.86804426,0.10385743584997703,10700199.317679342,0.005627959465140409,455982035.0153888,0.4029886727678893,253800000.0,0.0
3174473020.0900965,1.6865810166406527,0.0,0.0,0.0,0.0,0.0,0.0,36676675.840294495,0.0,768300000.0000001,0.0
0.0,0.0,22961234.412030455,0.019836312461871973,75553847.55775192,0.12092976644022697,62764268.84083955,0.02386784884041372,36676675.840294495,0.0,768300000.0000001,0.0
1679764812.4373798,1.3601731450085874,0.0,0.0,0.0,0.0,0.0,0.0,36676675.840294495,0.0,768300000.0000001,0.0
0.0,0.0,9234044.126278412,0.010894256857689185,41411215.51740697,0.08993393632889651,0.0,0.0,36676675.840294495,0.0,768300000.0000001,0.0
33455993.38488762,0.028815420320839558,108107926.32819745,0.12022242339937589,40651921.3589434,0.08699686835988688,0.0,0.0,36676675.840294495,0.0,768300000.0000001,0.0
3250315884.8641686,1.9044119296826874,0.0,0.0,0.0,0.0,14286448.602968493,0.005560752835581867,36676675.840294495,0.0,768300000.0000001,0.0
122261134.65620999,0.11892049272757114,724058184.8953401,0.845993020741087,0.0,0.0,0.0,0.0,36676675.840294495,0.0,768300000.0000001,0.0
1094606916.3014417,0.698706865718469,0.0,0.0,0.0,0.0,0.0,0.0,36676675.840294495,0.0,768300000.0000001,0.0
2590261125.7362843,1.8900450205104486,482272.1954036807,0.0005184711332804046,18044451.63487722,0.036442327036978465,591885.4212434662,0.00030392502638451716,36676675.840294495,0.0,768300000.0000001,0.0
2930681776.482099,1.9356002784886275,535675.9572026639,0.0005189074868446974,0.0,0.0,4179187.7065854417,0.0019162283733322794,36676675.840294495,0.0,768300000.0000001,0.0
2705885300.36591,1.9497916880311212,30566665.029545352,0.0281899048672197,0.0,0.0,0.0,0.0,36676675.840294495,0.0,768300000.0000001,0.0
39794236.05326566,0.028403593333946046,11113157.458320566,0.010881743677885369,2091126726.4621084,3.4158931939715873,0.0,0.0,36676675.840294495,0.0,768300000.0000001,0.0
2836812058.393989,1.936541295710222,3026270.110470373,0.003083002354813874,1949241691.8210118,3.327248537054642,0.0,0.0,36676675.840294495,0.0,768300000.0000001,0.0
0.0,0.0,340414656.10052264,0.26991346703168423,0.0,0.0,0.0,0.0,36676675.840294495,0.0,768300000.0000001,0.0
2704748835.6942225,1.9487634507151115,9317744.873426124,0.009494007205039338,48735198.453766584,0.09375796949856588,18181906.871264376,0.00835600284243911,36676675.840294495,0.0,768300000.0000001,0.0
1083171174.860421,0.7753299758761795,43734015.56602,0.041877207444192786,0.0,0.0,42896604.136247985,0.01716591195459867,36676675.840294495,0.0,768300000.0000001,0.0
0.0,0.0,897203402.6528989,0.8526174428460163,1741892715.3874283,3.138769946958035,0.0,0.0,36676675.840294495,0.0,768300000.0000001,0.0
0.0,0.0,350064562.96358365,0.3411386500803148,0.0,0.0,0.0,0.0,36676675.840294495,0.0,768300000.0000001,0.0
44103205.21613285,0.027220498996971012,61317781.53388353,0.049848086649352086,49584333.5488577,0.07685833531359192,0.0,0.0,36676675.840294495,0.0,768300000.0000001,0.0
13003873.222753214,0.008945277824528794,21740895.10203773,0.020180640831378594,441554650.5590478,0.7290872629342446,0.0,0.0,36676675.840294495,0.0,768300000.0000001,0.0
3462457822.971412,1.9529154486291884,0.0,0.0,0.0,0.0,0.0,0.0,36676675.840294495,0.0,768300000.0000001,0.0
2448933334.3553877,1.9012018012036547,8792394.706866423,0.009913279526649632,24958452.625267446,0.05327822337815862,19178733.168493237,0.009888248339896166,50384588.60144935,0.014559530814929295,768300000.0000001,0.0
89289880.02119562,0.08231168835210692,0.0,0.0,586393556.0289099,1.3038455777611881,0.0,0.0,36676675.840294495,0.0,768300000.0000001,0.0
79274673.74344897,0.06343615001332174,114222121.76561084,0.11884511030957247,24729482.056428704,0.049008425717821685,0.0,0.0,36676675.840294495,0.0,768300000.0000001,0.0
11407366.3765077,0.008821355934923789,68946403.04308763,0.06937500596782967,42217881.19121097,0.07980248862057754,0.0,0.0,36676675.840294495,0.0,768300000.0000001,0.0
890396065.4216456,0.8856393499954189,12422531.194836676,0.016875724023024764,0.0,0.0,0.0,0.0,36676675.840294495,0.0,768300000.0000001,0.0
2298256558.391968,1.8936886717533759,155825937.38610977,0.17263155328494867,83109933.96259357,0.17730260584747043,0.0,0.0,36676675.840294495,0.0,768300000.0000001,0.0
0.0,0.0,98830822.87275457,0.11948604636436289,4493268.732429457,0.01042365707325959,0.0,0.0,36676675.840294495,0.0,768300000.0000001,0.0
0.0,0.0,25555352.44045355,0.0365176087000674,92985117.74333648,0.24555923768481977,0.0,0.0,36676675.840294495,0.0,768300000.0000001,0.0
2889281283.8793535,1.9012018012036547,122368102.69835648,0.11223307759032845,0.0,0.0,0.0,0.0,36676675.840294495,0.0,768300000.0000001,0.0
0.0,0.0,694665223.1310802,0.4969378055338542,0.0,0.0,95146799.41054443,0.022254242723921444,36676675.840294495,0.0,768300000.0000001,0.0
0.0,0.0,836508207.0270178,0.867701825175031,0.0,0.0,0.0,0.0,36676675.840294495,0.0,768300000.0000001,0.0
8308095.550635302,0.009035203267389918,20138495.02220977,0.02932878442383187,16096680.53902824,0.043640900968292866,17852460.790737595,0.01196597158069675,36676675.840294495,0.0,768300000.0000001,0.0
3236983979.4060698,1.8945534089716984,1050676219.1731374,0.769826520694237,0.0,0.0,0.0,0.0,36676675.840294495,0.0,768300000.0000001,0.0
89535037.20446429,0.052310647412048494,158907114.41440046,0.12068838315174181,0.0,0.0,129106029.66268772,0.041230385929991814,36676675.840294495,0.0,768300000.0000001,0.0
2787302993.0913615,1.937467588880838,240093207.4414912,0.20760989294987786,0.0,0.0,0.0,0.0,36676675.840294495,0.0,768300000.0000001,0.0
307666902.2014975,0.27742765169488487,94233506.16166756,0.1115464555598728,0.0,0.0,65512147.66091948,0.03397213905214408,36676675.840294495,0.0,768300000.0000001,0.0
2446909441.234087,1.8992179637628939,0.0,0.0,0.0,0.0,0.0,0.0,36676675.840294495,0.0,768300000.0000001,0.0
0.0,0.0,0.0,0.0,87343366.58643898,0.13603746140546324,2918028.3658094974,0.0012385884220926478,36676675.840294495,0.0,768300000.0000001,0.0
63382901.15621409,0.06267007197977154,7793311.643580742,0.010549180594431063,118257109.60139799,0.2920848969554642,0.0,0.0,36676675.840294495,0.0,768300000.0000001,0.0
2752953620.158863,1.9074366904178037,853380657.3602246,0.7231622556639915,0.0,0.0,0.0,0.0,36676675.840294495,0.0,768300000.0000001,0.0
232636786.0889275,0.16464705840638122,301439917.9621769,0.2733865154895581,1365865485.6413546,2.296194781074651,0.0,0.0,36676675.840294495,0.0,768300000.0000001,0.0
2796112512.297681,1.9451667696646742,0.0,0.0,0.0,0.0,0.0,0.0,36676675.840294495,0.0,768300000.0000001,0.0
401183582.9422362,0.348928785832184,550445553.9800797,0.6010220272525948,0.0,0.0,0.0,0.0,36676675.840294495,0.0,768300000.0000001,0.0
44968457.19829628,0.029287271093163474,241277214.38444602,0.19908750481279247,0.0,0.0,0.0,0.0,36676675.840294495,0.0,768300000.0000001,0.0
2154387029.0762076,1.3446693329307244,2831185.1592625277,0.002336876926642771,0.0,0.0,20063224.50758654,0.005316841660245115,36676675.840294495,0.0,768300000.0000001,0.0
208976343.24283856,0.1648783776818944,0.0,0.0,12827382.687106468,0.02616146469082293,0.0,0.0,36676675.840294495,0.0,768300000.0000001,0.0
2974145110.412405,1.9216011420040457,0.0,0.0,9394701.19978673,0.01490980208931205,0.0,0.0,36676675.840294495,0.0,768300000.0000001,0.0
349137107.0206982,0.27044623974699705,5424622.816864748,0.0058859796690933055,26810429.00123813,0.054327628821109517,0.0,0.0,36676675.840294495,0.0,768300000.0000001,0.0
2768852946.641062,1.9213384273811736,0.0,0.0,0.0,0.0,0.0,0.0,36676675.840294495,0.0,768300000.0000001,0.0
20637651.803839985,0.016424863708175495,48567065.943230145,0.051051020398320816,1014021014.9710042,1.8945529002609534,0.0,0.0,36676675.840294495,0.0,768300000.0000001,0.0
49294367.69325379,0.02896091920657598,9791620.3560238,0.007856249252553096,735631798.8423634,1.0367783206487486,0.0,0.0,36676675.840294495,0.0,768300000.0000001,0.0
20155446.22242152,0.016408911803546332,47422996.7873854,0.05094838672829957,41443794.86108646,0.08403759560195037,43572337.69621099,0.02114316607765395,36676675.840294495,0.0,768300000.0000001,0.0
2374493841.9264755,1.7146760037285977,0.0,0.0,1818881064.4528484,3.2415859293486893,0.0,0.0,36676675.840294495,0.0,768300000.0000001,0.0
2638598951.318242,1.9439875595104694,0.0,0.0,0.0,0.0,0.0,0.0,36676675.840294495,0.0,768300000.0000001,0.0
0.0,0.0,61724240.151727736,0.08039279537330318,173790518.39673653,0.42156453706352737,0.0,0.0,36676675.840294495,0.0,768300000.0000001,0.0
0.0,0.0,342300424.02756375,0.30902366337106424,1073764852.1668196,1.8140015358889499,0.0,0.0,36676675.840294495,0.0,768300000.0000001,0.0
3428250813.611495,1.9286948926587506,0.0,0.0,0.0,0.0,0.0,0.0,36676675.840294495,0.0,768300000.0000001,0.0
0.0,0.0,181145132.494252,0.19755664961386193,0.0,0.0,0.0,0.0,36676675.840294495,0.0,768300000.0000001,0.0
117321967.70218119,0.0719112210269064,249516886.415395,0.1958493986626524,2391268664.6554656,3.3877881019078244,0.0,0.0,36676675.840294495,0.0,768300000.0000001,0.0
10658810.975023843,0.00867739481646151,47607236.99631409,0.05095225975221775,1852519571.0216093,3.4358204609485616,13679631.664547019,0.0058461581520491725,36676675.840294495,0.0,768300000.0000001,0.0
65384218.84046155,0.06500786954562433,27404823.04153911,0.03646014507087801,0.0,0.0,0.0,0.0,36676675.840294495,0.0,768300000.0000001,0.0
2677684080.863652,1.9242716935816186,7983685.773723509,0.00754731671122656,540364423.1808908,0.9532839451058072,0.0,0.0,36676675.840294495,0.0,768300000.0000001,0.0
0.0,0.0,11054580.074332401,0.010773699661967623,597772583.488378,1.0209304692176853,0.0,0.0,36676675.840294495,0.0,768300000.0000001,0.0
53217024.85046276,0.03974288446848139,30223111.22153052,0.030340380693598578,393473366.755432,0.7131723120930724,0.0,0.0,36676675.840294495,0.0,768300000.0000001,0.0
2619764673.250284,1.9172554643423787,2695416.402920235,0.0028288019465467244,10048476.98310034,0.019996728517910345,0.0,0.0,36676675.840294495,0.0,768300000.0000001,0.0
3861059857.495434,1.8836099404642261,0.0,0.0,0.0,0.0,0.0,0.0,36676675.840294495,0.0,768300000.0000001,0.0
153125795.89080918,0.1205968884168997,190519149.2129951,0.19390864827329235,38088745.27980612,0.07423263328629988,0.0,0.0,36676675.840294495,0.0,768300000.0000001,0.0
2930415656.4211626,1.8860152790033933,0.0,0.0,0.0,0.0,0.0,0.0,36676675.840294495,0.0,768300000.0000001,0.0
104224522.15431055,0.08339968682364285,46934765.57268836,0.0499239549418429,217333511.9636871,0.43109071909389507,0.0,0.0,36676675.840294495,0.0,768300000.0000001,0.0
3140417880.292422,1.9383626612870293,0.0,0.0,0.0,0.0,0.0,0.0,36676675.840294495,0.0,768300000.0000001,0.0
0.0,0.0,284637378.6625918,0.27137986337781217,0.0,0.0,0.0,0.0,36676675.840294495,0.0,768300000.0000001,0.0
41520095.44677068,0.028236886551316235,953994683.9399312,0.7689680619976105,0.0,0.0,0.0,0.0,36676675.840294495,0.0,768300000.0000001,0.0
9449238.70668765,0.008952283026220415,20067063.570511673,0.02550437125452574,321600732.9414968,0.7326004126402795,0.0,0.0,50810356.786606625,0.016552763752377866,768300000.0000001,0.0
802454747.3081996,0.4466188803944777,64139121.2413993,0.04855223413017935,2563316689.2735863,3.4466443175837935,0.0,0.0,36676675.840294495,0.0,768300000.0000001,0.0
3353452074.009096,1.9431850483877815,0.0,0.0,339001903.06960845,0.48440738061413813,0.0,0.0,36676675.840294495,0.0,768300000.0000001,0.0
127891058.52954641,0.12549697103015084,738622951.8845699,0.871550745222349,0.0,0.0,0.0,0.0,36676675.840294495,0.0,768300000.0000001,0.0
2832079611.0802336,1.932478138372183,0.0,0.0,670425668.2304579,1.1446738115022215,0.0,0.0,36676675.840294495,0.0,768300000.0000001,0.0
1142570002.1041832,0.7582955071766704,288253605.1144626,0.24804464434642245,0.0,0.0,0.0,0.0,36676675.840294495,0.0,768300000.0000001,0.0
3301176459.3881397,1.9051103466133297,11205870.074218683,0.008960736638461142,0.0,0.0,0.0,0.0,36676675.840294495,0.0,768300000.0000001,0.0
3154542750.397574,1.949322790483643,203977779.12406963,0.1665910420104694,0.0,0.0,0.0,0.0,36676675.840294495,0.0,768300000.0000001,0.0
120801891.58051518,0.10201660241249871,471435883.27045834,0.49328513726569884,1705080779.2758908,3.319012745114196,0.0,0.0,36676675.840294495,0.0,768300000.0000001,0.0
355067587.3239996,0.2697467558240788,193095201.9801178,0.19194513622635045,0.0,0.0,110066386.15057456,0.041995340304429946,36676675.840294495,0.0,768300000.0000001,0.0
176364588.19652504,0.12295937210014074,1025571037.1681988,0.8583052760782888,0.0,0.0,4965406.734884752,0.0017376572114827342,36676675.840294495,0.0,768300000.0000001,0.0
25405811.216392826,0.016246037964099177,82288793.18525602,0.06860330258295866,1017916789.2998536,1.5321538249809314,3784519.029004324,0.0014402493863830581,36676675.840294495,0.0,768300000.0000001,0.0
2886893470.1998577,1.8992179637628939,0.0,0.0,18473453.90429043,0.032041169918862494,0.0,0.0,36676675.840294495,0.0,768300000.0000001,0.0
2916810572.746151,1.874957765068631,0.0,0.0,0.0,0.0,0.0,0.0,36676675.840294495,0.0,768300000.0000001,0.0
0.0,0.0,12454888.43276534,0.0109397698969224,2347706098.5658956,3.4403172338406613,0.0,0.0,36676675.840294495,0.0,768300000.0000001,0.0
158383770.53550392,0.12555844008201578,22597735.560810816,0.02413171020949577,687124189.3526647,1.3255888050738784,0.0,0.0,36676675.840294495,0.0,768300000.0000001,0.0
0.0,0.0,145134546.3353247,0.1196304403008336,1249295722.676381,1.8692949315865557,0.0,0.0,36676675.840294495,0.0,768300000.0000001,0.0
1803571.7418845631,0.0015675833896177545,21863665.644582454,0.025460505872830427,1536120687.3360393,3.049121418023314,0.0,0.0,36676675.840294495,0.0,768300000.0000001,0.0
662019859.7986414,0.4402772300021834,19764844.39529839,0.017790278956242064,775885723.8943796,1.2847990986863662,0.0,0.0,36676675.840294495,0.0,768300000.0000001,0.0
3060653301.0464125,1.9506123665062929,0.0,0.0,0.0,0.0,0.0,0.0,36676675.840294495,0.0,768300000.0000001,0.0
0.0,0.0,229042792.13000143,0.1979675840462062,0.0,0.0,0.0,0.0,36676675.840294495,0.0,768300000.0000001,0.0
9476763.922506593,0.008982382015016293,26892841.050069094,0.03399528765366255,1611341114.00779,3.478757554326198,0.0,0.0,36676675.840294495,0.0,768300000.0000001,0.0
0.0,0.0,158759270.90481004,0.12046454212420657,1371260734.2071846,1.888414725406284,1783159.78153412,0.0005842818465593019,36676675.840294495,0.0,768300000.0000001,0.0
2028147111.6046371,1.3574526982999642,0.0,0.0,0.0,0.0,0.0,0.0,36676675.840294495,0.0,768300000.0000001,0.0
394949903.95504415,0.2766670982861512,302553780.3800233,0.27457946378387976,0.0,0.0,0.0,0.0,36676675.840294495,0.0,768300000.0000001,0.0
2703269171.427582,1.8640513444486952,0.0,0.0,0.0,0.0,0.0,0.0,36676675.840294495,0.0,768300000.0000001,0.0
804124403.8395121,0.5413799448522808,0.0,0.0,0.0,0.0,0.0,0.0,36676675.840294495,0.0,768300000.0000001,0.0
44055483.006837584,0.023272129690789903,7520884.879923856,0.005934288256812411,28798397.130608946,0.0,190051.0051985954,8.378587439493096e-05,501828226.0868517,0.3545891346360103,369700000.0,0.0
0.0,0.0,12160359.516084021,0.01045367171675195,28798397.130608946,0.0,104657311.15323992,0.040881302734934934,0.0,0.0,369700000.0,0.0
31441526.6615718,0.02541946253965551,58981929.58807348,0.06710000813624609,28798397.130608946,0.0,0.0,0.0,0.0,0.0,369700000.0,0.0
0.0,0.0,2679075.7477097115,0.003145485040573932,28798397.130608946,0.0,2696372.018443607,0.0018058288755369324,49938948.58917409,0.05434823782785866,369700000.0,0.0
0.0,0.0,70838850.5192194,0.07827912274567628,28798397.130608946,0.0,2445867.261786649,0.0015416855513678365,31413664.79165391,0.03397848655301847,369700000.0,0.0
2882571364.1517754,1.6332653613577188,0.0,0.0,28798397.130608946,0.0,36364003.35572034,0.014446808904736088,0.0,0.0,369700000.0,0.0
0.0,0.0,695854654.5834312,0.7971813135716181,28798397.130608946,0.0,0.0,0.0,0.0,0.0,369700000.0,0.0
28999862.868296795,0.01833472648795171,21366595.666876264,0.01952228407237304,28798397.130608946,0.0,10078749.663233764,0.005001990270358483,0.0,0.0,369700000.0,0.0
242803352.4534413,0.17215688933243045,0.0,0.0,28798397.130608946,0.0,5744571.498467879,0.0032080173256734436,0.0,0.0,369700000.0,0.0
2567943223.0542936,1.6350291881631165,0.0,0.0,28798397.130608946,0.0,27671995.928484052,0.012789092460771314,136376197.01766065,0.11937791895158432,369700000.0,0.0
2358150868.4011526,1.6358643313368866,38287518.08015218,0.03534515886723959,28798397.130608946,0.0,0.0,0.0,0.0,0.0,369700000.0,0.0
0.0,0.0,6224525.263709297,0.006028293300370075,658964480.4022928,1.0277203092828762,0.0,0.0,0.0,0.0,369700000.0,0.0
2484796581.371132,1.6350849052727676,523360.9417765731,0.0005287196391731552,34458469.336148284,0.010648491793397176,0.0,0.0,20510809.50298052,0.01954595198417875,369700000.0,0.0
0.0,0.0,230542307.16882354,0.18170055122657341,28798397.130608946,0.0,0.0,0.0,430536536.080451,0.3200746891691952,369700000.0,0.0
2358085190.6842184,1.6358049218967734,5255496.625344917,0.005326058832819298,28798397.130608946,0.0,35500319.84260745,0.016869468515420163,0.0,0.0,369700000.0,0.0
25262159.2457399,0.017908136602451635,117637176.5974389,0.11442595797365637,28798397.130608946,0.0,98770115.75929907,0.04470964125312092,0.0,0.0,369700000.0,0.0
0.0,0.0,756337351.3314406,0.7074070955864922,28798397.130608946,0.0,1138198.4180027973,0.0005525804369183213,6730673.368444867,0.006424315608386057,369700000.0,0.0
0.0,0.0,228756009.80252206,0.22179176617006702,28798397.130608946,0.0,0.0,0.0,0.0,0.0,369700000.0,0.0
0.0,0.0,29207719.1655417,0.023771280789327477,28798397.130608946,0.0,173472.17387902818,7.934707229293489e-05,5941755.84536046,0.004590591426307348,369700000.0,0.0
0.0,0.0,11516050.176128322,0.01063952453789152,28798397.130608946,0.0,2386082.5306360535,0.0012576368252981787,139276397.84441516,0.11871231715602783,369700000.0,0.0
135297088.89690724,0.0748179699310775,0.0,0.0,28798397.130608946,0.0,128865207.48121196,0.04793608607271386,0.0,0.0,369700000.0,0.0
229003863.97731414,0.17265953580434934,4980303.282346146,0.005609453390423881,28798397.130608946,0.0,53857543.64853822,0.028625843184929237,562514317.1542114,0.5468494155490902,369700000.0,0.0
0.0,0.0,2451195.3973520156,0.003132129677025746,28798397.130608946,0.0,30077149.63468505,0.018409570864528973,0.0,0.0,369700000.0,0.0
0.0,0.0,111106009.02527916,0.11383456893868762,28798397.130608946,0.0,2081959.9136733338,0.0010880373300193897,0.0,0.0,369700000.0,0.0
0.0,0.0,35415746.29048611,0.03570867501916336,28798397.130608946,0.0,0.0,0.0,110263672.58831845,0.10479940516768227,369700000.0,0.0
16875578.42191474,0.016511059404334952,34850128.23852252,0.04824207537516536,28798397.130608946,0.0,0.0,0.0,0.0,0.0,369700000.0,0.0
2046867668.698547,1.632751242924044,150890056.19602126,0.1647484412197581,28798397.130608946,0.0,0.0,0.0,0.0,0.0,369700000.0,0.0
0.0,0.0,40341616.88992433,0.04915906348856558,28798397.130608946,0.0,0.0,0.0,0.0,0.0,369700000.0,0.0
0.0,0.0,13392066.878368352,0.019130547311509028,28798397.130608946,0.0,0.0,0.0,0.0,0.0,369700000.0,0.0
2565626645.6120176,1.6331129613492725,118397420.27301404,0.10692987771390969,28798397.130608946,0.0,0.0,0.0,0.0,0.0,369700000.0,0.0
0.0,0.0,462975507.8356782,0.32959865515651166,28798397.130608946,0.0,158620381.3808604,0.04615649679926521,0.0,0.0,369700000.0,0.0
0.0,0.0,704607990.5746102,0.7191198379375771,28798397.130608946,0.0,0.0,0.0,0.0,0.0,369700000.0,0.0
0.0,0.0,13578776.224195153,0.019649043114072985,28798397.130608946,0.0,41123828.64866619,0.028392553766983884,0.0,0.0,369700000.0,0.0
49097165.01427634,0.028490732177465887,1073662668.2837667,0.7961295332212175,28798397.130608946,0.0,0.0,0.0,0.0,0.0,369700000.0,0.0
0.0,0.0,155244887.1854065,0.1160278439252635,28798397.130608946,0.0,188576860.14268813,0.062448624051287295,0.0,0.0,369700000.0,0.0
78808524.61087301,0.053988377834175136,629629160.6645765,0.5671997057034616,28798397.130608946,0.0,0.0,0.0,0.0,0.0,369700000.0,0.0
6673465.282773037,0.005916958117748682,96820377.13649666,0.11559813250537282,28798397.130608946,0.0,110392162.51940964,0.05702762439709423,0.0,0.0,369700000.0,0.0
393728497.0774335,0.2962874807549507,0.0,0.0,28798397.130608946,0.0,0.0,0.0,0.0,0.0,369700000.0,0.0
0.0,0.0,0.0,0.0,28798397.130608946,0.0,13359436.065889593,0.005987546575509003,66141670.39214446,0.05129823659359013,369700000.0,0.0
0.0,0.0,7779482.621358257,0.010513397842486111,28798397.130608946,0.0,6685266.010244738,0.004852106332671379,0.0,0.0,369700000.0,0.0
2438571442.959813,1.63340320962635,865662727.6496434,0.7393510862117982,28798397.130608946,0.0,0.0,0.0,0.0,0.0,369700000.0,0.0
0.0,0.0,205453473.82608858,0.1862276670743731,28798397.130608946,0.0,0.0,0.0,0.0,0.0,369700000.0,0.0
259618462.61445016,0.17514410866301738,2831037.839532852,0.002803113215005152,28798397.130608946,0.0,44319821.90903415,0.021175012401018982,0.0,0.0,369700000.0,0.0
6609905.44696698,0.005661587561179686,421265972.6500442,0.45728328639894833,28798397.130608946,0.0,0.0,0.0,0.0,0.0,369700000.0,0.0
0.0,0.0,139914554.91474992,0.11555669030995226,28798397.130608946,0.0,43908881.32800266,0.017683950741830212,0.0,0.0,369700000.0,0.0
39421584.28246963,0.02442975454922442,132076238.32511976,0.11382185881280302,28798397.130608946,0.0,144413094.38132378,0.053164792442386706,0.0,0.0,369700000.0,0.0
0.0,0.0,5494425.889290623,0.006076051991455223,28798397.130608946,0.0,12532633.697809495,0.007245541463048951,376501588.46205294,0.37036734705554536,369700000.0,0.0
475594075.06856257,0.29746410532381345,3009738.8481271565,0.0027461712394504225,28798397.130608946,0.0,0.0,0.0,0.0,0.0,369700000.0,0.0
0.0,0.0,9603263.171079202,0.010456758257576998,28798397.130608946,0.0,4905614.825052371,0.0029195422182271,44823298.54788004,0.045616404448116474,369700000.0,0.0
1248289953.3382816,0.8367111777369348,0.0,0.0,28798397.130608946,0.0,1959622.5260546883,0.0009254792702590741,118025942.8502606,0.10643660254178106,369700000.0,0.0
0.0,0.0,23213399.110478785,0.024506864759025953,28798397.130608946,0.0,11666526.753747571,0.006423386244691339,0.0,0.0,369700000.0,0.0
0.0,0.0,3951927.1191316787,0.0031781859066368724,28798397.130608946,0.0,23657890.25679791,0.009786594664357055,243450584.1578465,0.1757767975252934,369700000.0,0.0
0.0,0.0,22669778.661733866,0.024464535400890792,28798397.130608946,0.0,71903269.35424663,0.03595441306755449,0.0,0.0,369700000.0,0.0
42010606.76160321,0.03019666405610427,0.0,0.0,119354457.80203173,0.17633352526410884,44252094.057909854,0.022231629769994654,670172455.8920808,0.612149332144637,369700000.0,0.0
951479093.2425145,0.6760159189869943,0.0,0.0,28798397.130608946,0.0,0.0,0.0,0.0,0.0,369700000.0,0.0
0.0,0.0,37653142.34604854,0.04887095467567953,28798397.130608946,0.0,1716240.5866867118,0.0011973166427461561,0.0,0.0,369700000.0,0.0
0.0,0.0,203717805.13421398,0.18387666029406735,28798397.130608946,0.0,0.0,0.0,0.0,0.0,369700000.0,0.0
3011890525.6581016,1.6346190018288775,0.0,0.0,28798397.130608946,0.0,3877043.294833872,0.0013321241753411475,0.0,0.0,369700000.0,0.0
0.0,0.0,104832378.33437541,0.11430548858292056,28798397.130608946,0.0,0.0,0.0,0.0,0.0,369700000.0,0.0
0.0,0.0,144606054.70303985,0.11370736032730194,28798397.130608946,0.0,88331759.02817255,0.032955891389193484,0.0,0.0,369700000.0,0.0
0.0,0.0,26071703.66975852,0.027899156698333046,34085601.65820753,0.010715742172543535,108352377.7086697,0.05056619751287029,7674326.658757611,0.0074261041351656116,369700000.0,0.0
0.0,0.0,18524410.46405866,0.024829764904530573,28798397.130608946,0.0,0.0,0.0,149066355.2935458,0.18480428068421287,369700000.0,0.0
2356486968.0491753,1.6343608183849856,8043737.780407248,0.0076292646225621045,28798397.130608946,0.0,726903.2118310113,0.0003467139170698233,0.0,0.0,369700000.0,0.0
0.0,0.0,3206286.605947702,0.0031086969725704077,28798397.130608946,0.0,13723930.496552125,0.006806812228304558,98662860.95514736,0.08713679548343567,369700000.0,0.0
0.0,0.0,19064485.84430079,0.019034135330072068,28798397.130608946,0.0,0.0,0.0,69503380.5045231,0.06505834642102827,369700000.0,0.0
2311734872.518792,1.633926111084243,0.0,0.0,28798397.130608946,0.0,6902361.057586815,0.0036114135098195394,0.0,0.0,369700000.0,0.0
97276999.05823235,0.04656689471285279,68654474.31788379,0.047456784056635046,28798397.130608946,0.0,37323863.67705801,0.012680899848969005,0.0,0.0,369700000.0,0.0
0.0,0.0,110562022.76093736,0.11296611673915788,28798397.130608946,0.0,0.0,0.0,0.0,0.0,369700000.0,0.0
2617938879.969219,1.6324704631643567,0.0,0.0,28798397.130608946,0.0,0.0,0.0,0.0,0.0,369700000.0,0.0
0.0,0.0,27795723.010643125,0.02985789011488506,28798397.130608946,0.0,140859.4831675565,8.749524456999895e-05,184345814.97089744,0.1853872645580511,369700000.0,0.0
166669250.13517734,0.10031213159334629,0.0,0.0,28798397.130608946,0.0,2279540.8224209,0.000995251617622042,430449166.41009885,0.3531213244420237,369700000.0,0.0
0.0,0.0,192818949.02183598,0.18276119010455405,28798397.130608946,0.0,0.0,0.0,0.0,0.0,369700000.0,0.0
0.0,0.0,564298247.635568,0.456339898847244,28798397.130608946,0.0,0.0,0.0,0.0,0.0,369700000.0,0.0
0.0,0.0,12290341.500177186,0.015541984065027237,28798397.130608946,0.0,8845113.64958895,0.005980444273261931,522342682.00855184,0.5785381577074965,369700000.0,0.0
19853763.081715375,0.010898039875186708,64943331.96069736,0.04976984154670569,28798397.130608946,0.0,72697472.39255624,0.026637202787546235,1138487407.3987155,0.7600221060804531,369700000.0,0.0
106192788.45418555,0.0605377258673239,35473680.34316034,0.029193074531464438,28798397.130608946,0.0,93735489.64810246,0.036867042108926065,0.0,0.0,369700000.0,0.0
0.0,0.0,622682692.6656535,0.7238656791996405,28798397.130608946,0.0,0.0,0.0,0.0,0.0,369700000.0,0.0
656169891.1890907,0.4326209436480464,0.0,0.0,28798397.130608946,0.0,126391.07284739541,6.392972017460623e-05,0.0,0.0,369700000.0,0.0
14920685.564830117,0.009778076703510722,206262387.78810924,0.1816657348385041,28798397.130608946,0.0,0.0,0.0,44552202.51231469,0.038565567359150364,369700000.0,0.0
2926871980.78926,1.6332978522823536,6290992.506267978,0.005010281242056693,28798397.130608946,0.0,9725749.705112368,0.003853073229077041,0.0,0.0,369700000.0,0.0
2393089402.3483944,1.4238941754745167,120832031.92615747,0.0997186315117918,28798397.130608946,0.0,0.0,0.0,0.0,0.0,369700000.0,0.0
0.0,0.0,280118558.61659294,0.29367543880748764,28798397.130608946,0.0,0.0,0.0,0.0,0.0,369700000.0,0.0
1321202.8997815745,0.0009826986603401582,112993359.40860786,0.11345686838369866,28798397.130608946,0.0,132423945.06020986,0.055228802848821354,0.0,0.0,369700000.0,0.0
0.0,0.0,983258080.859614,0.8060598456058491,28798397.130608946,0.0,17873158.053837955,0.007108237009200612,0.0,0.0,369700000.0,0.0
0.0,0.0,42214276.59004968,0.03522139385185621,28798397.130608946,0.0,64797914.571801886,0.025714636530596316,0.0,0.0,369700000.0,0.0
55170726.54539278,0.035839598272550496,12448029.229640637,0.012012554422804038,28798397.130608946,0.0,8439333.686872536,0.004198746434423576,0.0,0.0,369700000.0,0.0
2617457958.7152004,1.632081177968832,0.0,0.0,28798397.130608946,0.0,0.0,0.0,0.0,0.0,369700000.0,0.0
0.0,0.0,3614077.3749155444,0.003159576339669219,91741222.05344169,0.10003546305308333,7786184.161550985,0.0036082800530453057,229675768.9380595,0.1813114818996779,369700000.0,0.0
0.0,0.0,22904307.683802776,0.024772511069676997,28798397.130608946,0.0,0.0,0.0,112945632.40050457,0.11401556414471352,369700000.0,0.0
0.0,0.0,59252421.5437586,0.04923475827565672,28798397.130608946,0.0,13048444.746879995,0.005316067691758818,0.0,0.0,369700000.0,0.0
0.0,0.0,13368302.788841425,0.015465382447243586,28798397.130608946,0.0,25620912.130049437,0.014574179153481423,0.0,0.0,369700000.0,0.0
8589864.062498882,0.005655040365697661,43412972.62898642,0.03989819513054368,28798397.130608946,0.0,0.0,0.0,0.0,0.0,369700000.0,0.0
162520259.78459916,0.10102946744588255,9664403.022896463,0.008754222989896074,28798397.130608946,0.0,49483752.29931695,0.02175963709183716,35480540.37657091,0.030469553357971153,369700000.0,0.0
0.0,0.0,132594188.40118185,0.11458920647393149,28798397.130608946,0.0,0.0,0.0,0.0,0.0,369700000.0,0.0
0.0,0.0,19767295.30317595,0.024778268265947895,90948948.1850118,0.14404619893831644,23469614.16515274,0.014450236492505184,0.0,0.0,369700000.0,0.0
0.0,0.0,88822967.64740893,0.06730185390060489,28798397.130608946,0.0,115443498.45578784,0.04092115021244122,0.0,0.0,369700000.0,0.0
37803556.8815708,0.025236506766351148,19775625.33505539,0.019170977425545223,28798397.130608946,0.0,49671491.44562828,0.023422724276631977,0.0,0.0,369700000.0,0.0
8538003.030855956,0.005876086632317554,206985963.7053869,0.1883179853047405,28798397.130608946,0.0,0.0,0.0,0.0,0.0,369700000.0,0.0
2436630190.2356396,1.6317155256331222,0.0,0.0,28798397.130608946,0.0,0.0,0.0,0.0,0.0,369700000.0,0.0
16003290.206482349,0.010656613157854686,10969987.525142841,0.010617671548233383,28798397.130608946,0.0,8432165.197611153,0.0045142359520688475,212858155.17043638,0.18843952186108595,369700000.0,0.0
