,A.1 Total Costs,A.1_Expected Number of Deaths,A.2 Total Costs,A.2_Expected Number of Deaths,A.3 Total Costs,A.3_Expected Number of Deaths,A.4 Total Costs,A.4_Expected Number of Deaths,A.5 Total Costs,A.5_Expected Number of Deaths,RfR Total Costs,Expected Evacuation Costs
0,136598613.0637709,0.0,203340262.6004279,0.003327729191129669,135070190.47831333,0.0,32493609.617123798,0.0010455505213898513,94338185.77629063,0.0,1779400000.0,3786.2778799029797
1,136598613.0637709,0.0,183141773.3265683,0.00027206802316738255,135070190.47831333,0.0,14434173.755396105,1.5066095490779756e-05,94338185.77629063,0.0,1779400000.0,143.63354511884776
2,136598613.0637709,0.0,182305368.85226318,0.00012761716969025488,135070190.47831333,0.0,14261651.781499248,0.0,94338185.77629063,0.0,1779400000.0,57.776001982606076
3,136598613.0637709,0.0,181582300.45751143,0.0,135070190.47831333,0.0,15340040.971834557,5.806702312692221e-05,94338185.77629063,0.0,1779400000.0,78.66018382882936
4,136598613.0637709,0.0,193351199.68835056,0.0013193337744725714,135070190.47831333,0.0,14261651.781499248,0.0,94338185.77629063,0.0,1779400000.0,619.6409383647585
5,136598613.0637709,0.0,181582300.45751143,0.0,135070190.47831333,0.0,14544063.58450079,1.6954312528845103e-05,94338185.77629063,0.0,1779400000.0,19.111963902094423
6,136598613.0637709,0.0,181582300.45751143,0.0,135070190.47831333,0.0,14261651.781499248,0.0,94338185.77629063,0.0,1779400000.0,0.0
7,136598613.0637709,0.0,181804776.60269284,2.5739949261333772e-05,135070190.47831333,0.0,17991937.83528379,0.00019911396211564177,94338185.77629063,0.0,1779400000.0,283.9830363909698
8,136598613.0637709,0.0,181582300.45751143,0.0,135070190.47831333,0.0,19032159.28532494,0.00024318618561917655,94338185.77629063,0.0,1779400000.0,355.3872065840575
9,136598613.0637709,0.0,186430603.2126534,0.000545826584009629,135070190.47831333,0.0,16351372.642260546,0.00010861615428547644,141357399.9385203,0.0054833389564129045,1779400000.0,3734.6497332598055
10,136598613.0637709,0.0,181582300.45751143,0.0,135070190.47831333,0.0,14636555.012095409,1.764075502827682e-05,99411964.15086387,0.0005668065947311463,1779400000.0,337.81557112295604
11,136598613.0637709,0.0,181582300.45751143,0.0,135070190.47831333,0.0,14261651.781499248,0.0,94338185.77629063,0.0,1779400000.0,0.0
12,136598613.0637709,0.0,181582300.45751143,0.0,135070190.47831333,0.0,15554882.155792944,5.2411659637995305e-05,94338185.77629063,0.0,1779400000.0,73.60233320160559
13,136598613.0637709,0.0,184731893.77248785,0.0005401337489188976,135070190.47831333,0.0,19997042.883044243,0.0004216644801677042,94338185.77629063,0.0,1779400000.0,922.1631440580834
14,136598613.0637709,0.0,182459568.28777984,0.00012634029949046497,135070190.47831333,0.0,14261651.781499248,0.0,94338185.77629063,0.0,1779400000.0,57.55713986360106
15,136598613.0637709,0.0,181582300.45751143,0.0,135070190.47831333,0.0,14261651.781499248,0.0,103761833.29708245,0.0011269254911455597,1779400000.0,640.0941931302523
16,136598613.0637709,0.0,181582300.45751143,0.0,135070190.47831333,0.0,15566711.337079559,0.00010816169302900813,94338185.77629063,0.0,1779400000.0,145.07739727272156
17,136598613.0637709,0.0,229835663.58727086,0.004406415103614977,135070190.47831333,0.0,14261651.781499248,0.0,94338185.77629063,0.0,1779400000.0,2178.7549841526306
18,136598613.0637709,0.0,194195295.15659562,0.0011389549568256913,135070190.47831333,0.0,14321398.082995472,2.438480842422682e-06,94338185.77629063,0.0,1779400000.0,537.7303005624125
19,136598613.0637709,0.0,187893554.7645861,0.0005496910030749253,135070190.47831333,0.0,34557622.55098145,0.0007141788144377306,94338185.77629063,0.0,1779400000.0,1465.066415468577
20,136598613.0637709,0.0,181582300.45751143,0.0,135070190.47831333,0.0,22192523.358189344,0.00039304132705138544,94338185.77629063,0.0,1779400000.0,596.664629001069
21,136598613.0637709,0.0,300813014.3841556,0.010571017991798375,135070190.47831333,0.0,14261651.781499248,0.0,94338185.77629063,0.0,1779400000.0,5448.0427576178245
22,136598613.0637709,0.0,181582300.45751143,0.0,135070190.47831333,0.0,15038343.042449502,3.5164989495004255e-05,94338185.77629063,0.0,1779400000.0,41.210692786982065
23,136598613.0637709,0.0,186555017.1686688,0.0008372623772476223,135070190.47831333,0.0,14261651.781499248,0.0,94338185.77629063,0.0,1779400000.0,395.1399970380085
24,136598613.0637709,0.0,194357825.94456434,0.0011282136710510928,135070190.47831333,0.0,14261651.781499248,0.0,94338185.77629063,0.0,1779400000.0,532.4973922215826
25,136598613.0637709,0.0,181582300.45751143,0.0,135070190.47831333,0.0,16891440.78834642,0.00011059383203172386,94338185.77629063,0.0,1779400000.0,146.5502281175483
26,136598613.0637709,0.0,203102768.60479003,0.0024764647560363492,135070190.47831333,0.0,14261651.781499248,0.0,94338185.77629063,0.0,1779400000.0,1192.007319768143
27,136598613.0637709,0.0,208421145.14076138,0.002490936414797783,135070190.47831333,0.0,14261651.781499248,0.0,94338185.77629063,0.0,1779400000.0,1194.487836505526
28,136598613.0637709,0.0,184680305.62979236,0.00027228324072761504,135070190.47831333,0.0,15699310.669709798,5.989573901158834e-05,94338185.77629063,0.0,1779400000.0,205.88757594854374
29,136598613.0637709,0.0,189361193.63884705,0.0010972679170824454,135070190.47831333,0.0,14261651.781499248,0.0,94338185.77629063,0.0,1779400000.0,527.1931308417646
30,136598613.0637709,0.0,181582300.45751143,0.0,135070190.47831333,0.0,14261651.781499248,0.0,94338185.77629063,0.0,1779400000.0,0.0
31,136598613.0637709,0.0,185014494.49965176,0.0005857854412051368,135070190.47831333,0.0,25407008.368461438,0.0008032828466090309,94338185.77629063,0.0,1779400000.0,1575.469448233087
32,136598613.0637709,0.0,190388822.4763086,0.0014439826943523576,135070190.47831333,0.0,14261651.781499248,0.0,100057472.45073643,0.000762240712023465,1779400000.0,1125.8842940365791
33,136598613.0637709,0.0,181758401.9417821,2.5429337413041687e-05,135070190.47831333,0.0,14261651.781499248,0.0,94338185.77629063,0.0,1779400000.0,11.544058119480923
34,136598613.0637709,0.0,183136929.62640062,0.00027045389622925393,135070190.47831333,0.0,14261651.781499248,0.0,94338185.77629063,0.0,1779400000.0,124.7920312567928
35,136598613.0637709,0.0,183489938.1946196,0.0002735752356468421,135070190.47831333,0.0,17106529.135300867,0.0001865480159733396,94338185.77629063,0.0,1779400000.0,389.22119748230455
36,136598613.0637709,0.0,182458052.66405174,0.00012592621259205895,135070190.47831333,0.0,15561524.59319102,8.794841746904422e-05,94338185.77629063,0.0,1779400000.0,176.40768301445416
37,136598613.0637709,0.0,181582300.45751143,0.0,135070190.47831333,0.0,14261651.781499248,0.0,94338185.77629063,0.0,1779400000.0,0.0
38,136598613.0637709,0.0,184672163.71683595,0.0002709168893717527,135070190.47831333,0.0,17109951.887126546,0.00011559944214063174,94338185.77629063,0.0,1779400000.0,286.758318582656
39,136598613.0637709,0.0,248782621.04206404,0.009258954295727817,135070190.47831333,0.0,14261651.781499248,0.0,94338185.77629063,0.0,1779400000.0,4716.027966429529
40,136598613.0637709,0.0,185004447.83084485,0.0005825175450290987,135070190.47831333,0.0,21731241.006706238,0.0005540957876315632,94338185.77629063,0.0,1779400000.0,1136.1835604254984
41,136598613.0637709,0.0,255573402.2223161,0.007890957502766499,135070190.47831333,0.0,14261651.781499248,0.0,94338185.77629063,0.0,1779400000.0,3969.005805821029
42,136598613.0637709,0.0,343144640.97215545,0.019637717604905406,135070190.47831333,0.0,14261651.781499248,0.0,94338185.77629063,0.0,1779400000.0,10548.414505980785
43,136598613.0637709,0.0,181582300.45751143,0.0,135070190.47831333,0.0,14261651.781499248,0.0,94338185.77629063,0.0,1779400000.0,0.0
44,136598613.0637709,0.0,183469036.5610674,0.00026786465428760406,135070190.47831333,0.0,14261651.781499248,0.0,94338185.77629063,0.0,1779400000.0,124.3482218718926
45,136598613.0637709,0.0,187909209.34573305,0.0005523181078216937,135070190.47831333,0.0,14261651.781499248,0.0,94338185.77629063,0.0,1779400000.0,256.0427350485179
46,136598613.0637709,0.0,446732052.1540756,0.02826811744460134,135070190.47831333,0.0,14261651.781499248,0.0,94338185.77629063,0.0,1779400000.0,15812.466967782826
47,136598613.0637709,0.0,181582300.45751143,0.0,135070190.47831333,0.0,15452910.82648081,6.813326101738049e-05,94338185.77629063,0.0,1779400000.0,83.56579591260805
48,136598613.0637709,0.0,181582300.45751143,0.0,135070190.47831333,0.0,14470086.871451508,1.480753624365461e-05,94338185.77629063,0.0,1779400000.0,18.489925455171146
49,136598613.0637709,0.0,199478051.50897813,0.002466290380964166,135070190.47831333,0.0,27921992.19654865,0.0007421938072997992,94338185.77629063,0.0,1779400000.0,2535.810057517891
50,197751963.41087657,0.0,178955913.06300643,0.012855373511478774,539097108.9090848,0.13228775713253263,29582406.110525247,0.0,115098409.19196975,0.0,1390100000.0,49874.324732270834
51,197751963.41087657,0.0,97047870.48141854,0.0011717688793216542,91291754.74521045,0.004709949633264468,29582406.110525247,0.0,115098409.19196975,0.0,1390100000.0,1829.3760964298626
52,197751963.41087657,0.0,97085170.34524512,0.0011841987806174808,98193500.65642904,0.006882205812207195,29582406.110525247,0.0,115098409.19196975,0.0,1390100000.0,2375.7798217096242
53,197751963.41087657,0.0,94990349.15653798,0.0005454180080713986,76335526.52592039,0.0,29582406.110525247,0.0,115098409.19196975,0.0,1390100000.0,297.33669287593835
54,197751963.41087657,0.0,136623645.51189333,0.005049011550243833,76335526.52592039,0.0,29582406.110525247,0.0,115098409.19196975,0.0,1390100000.0,2920.397614981754
55,197751963.41087657,0.0,95017902.58263162,0.0005514152284178602,409545699.6299737,0.0629807727599874,29582406.110525247,0.0,115098409.19196975,0.0,1390100000.0,19707.298269141185
56,197751963.41087657,0.0,93990134.23073044,0.0005413869738252223,92075862.66545215,0.004066572656975237,29582406.110525247,0.0,115098409.19196975,0.0,1390100000.0,1312.359084315417
57,197751963.41087657,0.0,97476450.52907339,0.0008242867550621816,76335526.52592039,0.0,29582406.110525247,0.0,115098409.19196975,0.0,1390100000.0,450.01899804891957
58,197751963.41087657,0.0,92512611.40521227,0.0002679489063473936,108969083.36943242,0.006639959511163566,29582406.110525247,0.0,115098409.19196975,0.0,1390100000.0,1855.2020222678625
59,197751963.41087657,0.0,108599671.80524209,0.0020386005017947015,85324414.94677055,0.001858090994407386,29582406.110525247,0.0,148165796.83941323,0.0033571971085976813,1390100000.0,4128.522217479269
60,197751963.41087657,0.0,91584609.04141192,0.00012843153086163715,88268947.2999083,0.0019384234297525793,29582406.110525247,0.0,121934754.84492786,0.0005606326941538981,1390100000.0,906.9747164936243
61,197751963.41087657,0.0,91013471.83719961,0.00012423122643233432,76335526.52592039,0.0,29582406.110525247,0.0,115098409.19196975,0.0,1390100000.0,66.72823954390536
62,197751963.41087657,0.0,90143923.5488522,0.0,76335526.52592039,0.0,29582406.110525247,0.0,115098409.19196975,0.0,1390100000.0,0.0
63,197751963.41087657,0.0,102985950.3780336,0.002018718787332744,541077506.4667552,0.1331887952033976,29582406.110525247,0.0,115098409.19196975,0.0,1390100000.0,43125.06604970694
64,197751963.41087657,0.0,97321732.6886966,0.001003834383046619,101817418.14007956,0.006516474531442709,29582406.110525247,0.0,115098409.19196975,0.0,1390100000.0,2225.0874138221925
65,197751963.41087657,0.0,95036001.7918558,0.0005553546639510404,93334386.54621312,0.0035326189676760395,29582406.110525247,0.0,115098409.19196975,0.0,1390100000.0,1163.2573896231472
66,197751963.41087657,0.0,90864211.66878183,0.00012669066385165203,107515849.30324179,0.009590180811376069,29582406.110525247,0.0,115098409.19196975,0.0,1390100000.0,2619.3090148996243
67,197751963.41087657,0.0,247333457.48479858,0.013858972574844291,76335526.52592039,0.0,29582406.110525247,0.0,115098409.19196975,0.0,1390100000.0,8479.93976934667
68,197751963.41087657,0.0,138536008.9651688,0.004287296001123123,101851456.0479676,0.003831280024114684,29582406.110525247,0.0,115098409.19196975,0.0,1390100000.0,3563.053609935386
69,197751963.41087657,0.0,126226211.27329478,0.0030705424603616584,86161436.05769615,0.0015321178588609896,29582406.110525247,0.0,115098409.19196975,0.0,1390100000.0,2162.4607237335767
70,197751963.41087657,0.0,92531236.58629334,0.00027200282380057553,76335526.52592039,0.0,29582406.110525247,0.0,115098409.19196975,0.0,1390100000.0,145.90044630983562
71,197751963.41087657,0.0,440073059.22135985,0.02913147677641666,76335526.52592039,0.0,29582406.110525247,0.0,115098409.19196975,0.0,1390100000.0,18721.911780699054
72,197751963.41087657,0.0,91585117.61511052,0.00012851687817084487,88263005.48460038,0.0019366869180442907,29582406.110525247,0.0,115098409.19196975,0.0,1390100000.0,528.6051855169686
73,197751963.41087657,0.0,117051264.91976628,0.004125168692151218,81852847.79200935,0.0016922245364255737,29582406.110525247,0.0,115098409.19196975,0.0,1390100000.0,2847.0635124323767
74,197751963.41087657,0.0,156112602.15968746,0.005561232844213424,76335526.52592039,0.0,29582406.110525247,0.0,115098409.19196975,0.0,1390100000.0,3271.2311330390776
75,197751963.41087657,0.0,96493480.46904133,0.0005561188324612258,76335526.52592039,0.0,29582406.110525247,0.0,115098409.19196975,0.0,1390100000.0,299.4765652647038
76,197751963.41087657,0.0,168112375.27464342,0.00854335285784405,746194617.5084854,0.125093525715262,29582406.110525247,0.0,115098409.19196975,0.0,1390100000.0,44746.93265654569
77,197751963.41087657,0.0,200118374.9657142,0.009533110752095175,76335526.52592039,0.0,29582406.110525247,0.0,115098409.19196975,0.0,1390100000.0,5720.235057444623
78,197751963.41087657,0.0,113190796.61017746,0.0019552858131935617,76855503.60722846,8.298659510324446e-05,29582406.110525247,0.0,115098409.19196975,0.0,1390100000.0,1127.0256391524124
79,197751963.41087657,0.0,130578264.63602093,0.00541291039238163,76335526.52592039,0.0,29582406.110525247,0.0,115098409.19196975,0.0,1390100000.0,3229.4429111603504
80,197751963.41087657,0.0,93288458.07971014,0.0005384479468590858,85179903.86455256,0.0027937315150098514,29582406.110525247,0.0,115098409.19196975,0.0,1390100000.0,990.5827028969865
81,197751963.41087657,0.0,109925708.94540419,0.0031527099192946847,77636832.09386435,0.00041054936981904113,29582406.110525247,0.0,115098409.19196975,0.0,1390100000.0,1892.197847847975
82,197751963.41087657,0.0,132249091.4550328,0.006660629767310228,101808317.59326681,0.007393165644012618,29582406.110525247,0.0,115098409.19196975,0.0,1390100000.0,6209.804066471598
83,197751963.41087657,0.0,95956355.37613542,0.0008163317750156422,87252269.94821778,0.002847546106703138,29582406.110525247,0.0,115098409.19196975,0.0,1390100000.0,1144.9021216845335
84,197751963.41087657,0.0,101817386.38434456,0.0019432608348030724,140875048.12396523,0.018972521948521427,29582406.110525247,0.0,115098409.19196975,0.0,1390100000.0,6735.632819334834
85,197751963.41087657,0.0,98589868.16383976,0.0011786152187392956,76335526.52592039,0.0,29582406.110525247,0.0,115098409.19196975,0.0,1390100000.0,652.8891733417922
86,197751963.41087657,0.0,97309577.58848381,0.0010005134613338953,236131784.4502221,0.0381187802922656,29582406.110525247,0.0,115098409.19196975,0.0,1390100000.0,12151.110996910587
87,197751963.41087657,0.0,93348941.49371721,0.000558603593261374,76335526.52592039,0.0,29582406.110525247,0.0,115098409.19196975,0.0,1390100000.0,299.9734495079382
88,197751963.41087657,0.0,103821956.08375925,0.0011664863806235004,105871805.34319727,0.004673016970173477,29582406.110525247,0.0,115098409.19196975,0.0,1390100000.0,1826.5786810395318
89,197751963.41087657,0.0,319874543.70260715,0.028445805493104444,76335526.52592039,0.0,29582406.110525247,0.0,115098409.19196975,0.0,1390100000.0,18287.864693798092
90,197751963.41087657,0.0,109863115.11366466,0.003135482717206715,173329772.13628048,0.028238095429179575,29582406.110525247,0.0,115098409.19196975,0.0,1390100000.0,10362.762743099944
91,197751963.41087657,0.0,371232881.57613486,0.027670255175466667,522623053.9356565,0.08329633385987356,29582406.110525247,0.0,115098409.19196975,0.0,1390100000.0,44240.437086329875
92,197751963.41087657,0.0,493019604.3394886,0.04677631719030191,76335526.52592039,0.0,29582406.110525247,0.0,115098409.19196975,0.0,1390100000.0,30875.27788933077
93,197751963.41087657,0.0,92037640.44428869,0.00026977189181934665,87268473.19356672,0.0028552555804279177,29582406.110525247,0.0,115098409.19196975,0.0,1390100000.0,842.0955524099734
94,197751963.41087657,0.0,104281154.062429,0.0019261776874603528,76335526.52592039,0.0,29582406.110525247,0.0,115098409.19196975,0.0,1390100000.0,1100.747729898971
95,197751963.41087657,0.0,114505088.88081928,0.0020612750780235538,78927362.56775244,0.00041281986769424716,29582406.110525247,0.0,115098409.19196975,0.0,1390100000.0,1263.4408123854373
96,197751963.41087657,0.0,581493935.3074404,0.050432033120710665,76335526.52592039,0.0,29582406.110525247,0.0,115098409.19196975,0.0,1390100000.0,33402.27512679611
97,197751963.41087657,0.0,95044401.32143964,0.0005571828877642885,96379344.43919456,0.004164728268286361,29582406.110525247,0.0,115098409.19196975,0.0,1390100000.0,1318.5458335206026
98,197751963.41087657,0.0,93981584.28167295,0.0005390510234035401,76335526.52592039,0.0,29582406.110525247,0.0,115098409.19196975,0.0,1390100000.0,296.0634699732809
99,197751963.41087657,0.0,166345163.71586493,0.009981215413610826,76335526.52592039,0.0,29582406.110525247,0.0,115098409.19196975,0.0,1390100000.0,6053.03639547449
100,145726367.0233207,0.0003497427513530571,255787520.76314574,0.0,557257465.6823757,0.13658134966779228,45359638.86012588,0.0,95251828.74083912,0.0,708700000.0,42646.15935291828
101,142620835.55407643,0.0,255787520.76314574,0.0,87476282.83355407,0.002890021502234356,45359638.86012588,0.0,112192265.92254588,0.002208093261854668,708700000.0,2229.8382485557922
102,142620835.55407643,0.0,255787520.76314574,0.0,100613440.48765011,0.0070442052030148,45359638.86012588,0.0,95251828.74083912,0.0,708700000.0,1726.4819795998756
103,142620835.55407643,0.0,255787520.76314574,0.0,78452891.91196637,0.0,45359638.86012588,0.0,99993674.61129355,0.0005056697701679116,708700000.0,339.6425015510973
104,142620835.55407643,0.0,255787520.76314574,0.0,82971971.93119662,0.0009599972095469596,45359638.86012588,0.0,95251828.74083912,0.0,708700000.0,224.48320324538324
105,142620835.55407643,0.0,255787520.76314574,0.0,230783625.83348793,0.029402006183386068,45359638.86012588,0.0,95251828.74083912,0.0,708700000.0,8627.312644025827
106,142620835.55407643,0.0,255787520.76314574,0.0,92002834.66231485,0.0035362305863599216,45359638.86012588,0.0,95251828.74083912,0.0,708700000.0,864.0120250994798
107,142620835.55407643,0.0,255787520.76314574,0.0,78452891.91196637,0.0,45359638.86012588,0.0,95251828.74083912,0.0,708700000.0,0.0
108,142620835.55407643,0.0,255787520.76314574,0.0,100999259.07084805,0.0046686007463397836,45359638.86012588,0.0,95251828.74083912,0.0,708700000.0,1152.0632702393405
109,142620835.55407643,0.0,255787520.76314574,0.0,87615131.65244105,0.001923799891848166,45359638.86012588,0.0,291197102.2244383,0.02082408659468466,708700000.0,16649.83722432238
110,142620835.55407643,0.0,255787520.76314574,0.0,81147830.72156227,0.0004429519324086471,45359638.86012588,0.0,162580849.9676068,0.006371485658739177,708700000.0,4521.700408015038
111,142620835.55407643,0.0,255787520.76314574,0.0,78452891.91196637,0.0,45359638.86012588,0.0,95251828.74083912,0.0,708700000.0,0.0
112,142620835.55407643,0.0,255787520.76314574,0.0,78452891.91196637,0.0,45359638.86012588,0.0,125394755.69962054,0.002426000692787524,708700000.0,1700.441518899293
113,142620835.55407643,0.0,255787520.76314574,0.0,378447372.63125896,0.08618507942778633,45359638.86012588,0.0,95251828.74083912,0.0,708700000.0,26737.874826765994
114,142620835.55407643,0.0,255787520.76314574,0.0,92046063.87805153,0.0035567989660695047,45359638.86012588,0.0,95251828.74083912,0.0,708700000.0,864.4584489258391
115,142620835.55407643,0.0,255787520.76314574,0.0,87660372.24003543,0.0019409483573853072,45359638.86012588,0.0,161992928.0497367,0.00737963662471371,708700000.0,5691.757221156541
116,142620835.55407643,0.0,255787520.76314574,0.0,100257954.58324641,0.006873011787089748,45359638.86012588,0.0,95251828.74083912,0.0,708700000.0,1719.688909640008
117,142620835.55407643,0.0,255787520.76314574,0.0,84275102.95652112,0.0009485948861392262,45359638.86012588,0.0,95251828.74083912,0.0,708700000.0,224.2357229422705
118,142620835.55407643,0.0,255787520.76314574,0.0,122231809.62748927,0.00698758740630517,45359638.86012588,0.0,95251828.74083912,0.0,708700000.0,1724.4166125723532
119,166460528.50461403,0.0013520381576663507,255787520.76314574,0.0,106621840.38127054,0.004489267394440549,45359638.86012588,0.0,95734364.94472134,5.1852440955705534e-05,708700000.0,1392.9354890342415
120,1079244109.8213058,0.0688956333551543,255787520.76314574,0.0,78452891.91196637,0.0,45359638.86012588,0.0,95251828.74083912,0.0,708700000.0,12654.68827465585
121,346529057.5058172,0.011564397969078544,255787520.76314574,0.0,78452891.91196637,0.0,45359638.86012588,0.0,95251828.74083912,0.0,708700000.0,2124.138269088192
122,1168924857.9945278,0.05820553991970196,255787520.76314574,0.0,78452891.91196637,0.0,45359638.86012588,0.0,111606242.04054192,0.0014697207156891684,708700000.0,11685.004500330284
123,142620835.55407643,0.0,255787520.76314574,0.0,91523790.35539132,0.004155291323404885,45359638.86012588,0.0,95251828.74083912,0.0,708700000.0,1018.4231989549357
124,142620835.55407643,0.0,255787520.76314574,0.0,90372743.95600346,0.0019344579314654077,45359638.86012588,0.0,95251828.74083912,0.0,708700000.0,460.97155400593056
125,142620835.55407643,0.0,255787520.76314574,0.0,78452891.91196637,0.0,45359638.86012588,0.0,101884125.78157768,0.000548361032985346,708700000.0,364.5702692923119
126,142620835.55407643,0.0,255787520.76314574,0.0,534872553.53085303,0.08610023185438281,45359638.86012588,0.0,95251828.74083912,0.0,708700000.0,26667.23166146577
127,142620835.55407643,0.0,255787520.76314574,0.0,78991223.66145794,8.835079687504554e-05,45359638.86012588,0.0,95251828.74083912,0.0,708700000.0,20.573506375733878
128,142620835.55407643,0.0,255787520.76314574,0.0,84261993.1632178,0.0009447635133373506,45359638.86012588,0.0,95251828.74083912,0.0,708700000.0,224.15256539021377
129,142620835.55407643,0.0,255787520.76314574,0.0,78452891.91196637,0.0,45359638.86012588,0.0,104741765.77042092,0.0012521379840512328,708700000.0,874.8512740497724
130,142620835.55407643,0.0,255787520.76314574,0.0,84377208.12360364,0.0018889707982815925,45359638.86012588,0.0,95251828.74083912,0.0,708700000.0,459.9842842096341
131,142620835.55407643,0.0,255787520.76314574,0.0,84497095.58655685,0.001958546378062024,45359638.86012588,0.0,95251828.74083912,0.0,708700000.0,461.49437868403095
132,142620835.55407643,0.0,255787520.76314574,0.0,100427304.8393043,0.006952657828670393,45359638.86012588,0.0,158958048.92522895,0.009348360976065758,708700000.0,8550.391338982634
133,142620835.55407643,0.0,255787520.76314574,0.0,83069672.90184148,0.0012228778765336111,45359638.86012588,0.0,101425601.43373217,0.000809738825739417,708700000.0,837.7798360484676
134,142620835.55407643,0.0,255787520.76314574,0.0,99784671.89108056,0.006652805528529667,45359638.86012588,0.0,95251828.74083912,0.0,708700000.0,1710.1360286590275
135,142620835.55407643,0.0,255787520.76314574,0.0,78452891.91196637,0.0,45359638.86012588,0.0,99356537.60594884,0.0005528165166622103,708700000.0,367.1718616309271
136,159890465.53798908,0.0015945402288808676,255787520.76314574,0.0,137237116.5163337,0.014556913010398144,45359638.86012588,0.0,95251828.74083912,0.0,708700000.0,4341.591721839925
137,142620835.55407643,0.0,255787520.76314574,0.0,78452891.91196637,0.0,45359638.86012588,0.0,95251828.74083912,0.0,708700000.0,0.0
138,142620835.55407643,0.0,255787520.76314574,0.0,100609937.55172446,0.003564650198410628,45359638.86012588,0.0,95892144.6481095,5.3133559818392815e-05,708700000.0,899.7193790925642
139,142620835.55407643,0.0,255787520.76314574,0.0,94563267.99456246,0.004232396570780027,45359638.86012588,0.0,95251828.74083912,0.0,708700000.0,1020.3251844924006
140,144042321.85417455,0.0001600867788752347,255787520.76314574,0.0,119228710.26770951,0.012552761196173934,45359638.86012588,0.0,95251828.74083912,0.0,708700000.0,3364.2723114201863
141,142620835.55407643,0.0,255787520.76314574,0.0,368618155.62881905,0.05527517462710538,45359638.86012588,0.0,95251828.74083912,0.0,708700000.0,16731.266365379957
142,142620835.55407643,0.0,255787520.76314574,0.0,80104836.74799305,0.0004413409771302562,45359638.86012588,0.0,99275268.69816273,0.0005411012967451606,708700000.0,463.12508696054493
143,142620835.55407643,0.0,255787520.76314574,0.0,82020637.69463463,0.0009445645966059887,45359638.86012588,0.0,95251828.74083912,0.0,708700000.0,224.14824802688256
144,142620835.55407643,0.0,255787520.76314574,0.0,78452891.91196637,0.0,45359638.86012588,0.0,95251828.74083912,0.0,708700000.0,0.0
145,142620835.55407643,0.0,255787520.76314574,0.0,90401291.54068246,0.001942801040846895,45359638.86012588,0.0,95251828.74083912,0.0,708700000.0,461.15263598061233
146,144797185.42844474,0.0001600867788752347,255787520.76314574,0.0,78452891.91196637,0.0,45359638.86012588,0.0,95251828.74083912,0.0,708700000.0,29.404596269790964
147,142620835.55407643,0.0,255787520.76314574,0.0,87673217.47874185,0.001945817351025455,45359638.86012588,0.0,95251828.74083912,0.0,708700000.0,461.2181031078442
148,142620835.55407643,0.0,255787520.76314574,0.0,78452891.91196637,0.0,45359638.86012588,0.0,102363612.95940141,0.0009451722134854168,708700000.0,643.1970772419573
149,142620835.55407643,0.0,255787520.76314574,0.0,80092320.55474493,0.00043538579587473704,45359638.86012588,0.0,95251828.74083912,0.0,708700000.0,102.66458188433484
150,184254963.38440505,0.0,242105581.09403932,0.008166482026315666,99279424.73811004,0.012013191467811778,48814833.74845847,0.012509441931605237,135869980.572264,0.0,523300000.0,0.0
151,184254963.38440505,0.0,236292372.12645143,0.0,94719891.3748407,0.0,27361462.96777778,0.0,135869980.572264,0.0,523300000.0,0.0
152,184254963.38440505,0.0,236292372.12645143,0.0,94719891.3748407,0.0,27361462.96777778,0.0,135869980.572264,0.0,523300000.0,0.0
153,184254963.38440505,0.0,236292372.12645143,0.0,94719891.3748407,0.0,27361462.96777778,0.0,135869980.572264,0.0,523300000.0,0.0
154,184254963.38440505,0.0,241163633.7833724,0.004590198082734338,94719891.3748407,0.0,27361462.96777778,0.0,135869980.572264,0.0,523300000.0,0.0
155,184254963.38440505,0.0,236292372.12645143,0.0,94719891.3748407,0.0,27361462.96777778,0.0,135869980.572264,0.0,523300000.0,0.0
156,184254963.38440505,0.0,236292372.12645143,0.0,94719891.3748407,0.0,27361462.96777778,0.0,135869980.572264,0.0,523300000.0,0.0
157,184254963.38440505,0.0,236292372.12645143,0.0,94719891.3748407,0.0,28285062.25475584,0.0005074017432505713,135869980.572264,0.0,523300000.0,0.0
158,184254963.38440505,0.0,236292372.12645143,0.0,94719891.3748407,0.0,28731254.23372704,0.0007215048694998777,135869980.572264,0.0,523300000.0,0.0
159,184254963.38440505,0.0,236292372.12645143,0.0,94719891.3748407,0.0,27361462.96777778,0.0,159697663.146072,0.02169968919816956,523300000.0,0.0
160,184254963.38440505,0.0,236292372.12645143,0.0,94719891.3748407,0.0,27361462.96777778,0.0,139881503.09100196,0.0028116350307557684,523300000.0,0.0
161,184254963.38440505,0.0,236292372.12645143,0.0,94719891.3748407,0.0,27361462.96777778,0.0,135869980.572264,0.0,523300000.0,0.0
162,184254963.38440505,0.0,236292372.12645143,0.0,94719891.3748407,0.0,27361462.96777778,0.0,135869980.572264,0.0,523300000.0,0.0
163,184254963.38440505,0.0,236434308.60609055,0.0002051294632961026,96041282.97308002,0.003518384263671602,28618921.931509957,0.0009640082457449561,135869980.572264,0.0,523300000.0,0.0
164,184254963.38440505,0.0,236292372.12645143,0.0,94719891.3748407,0.0,27361462.96777778,0.0,135869980.572264,0.0,523300000.0,0.0
165,184254963.38440505,0.0,236292372.12645143,0.0,94719891.3748407,0.0,27361462.96777778,0.0,138828972.54880384,0.0026834495794804156,523300000.0,0.0
166,184254963.38440505,0.0,236292372.12645143,0.0,94719891.3748407,0.0,27361462.96777778,0.0,135869980.572264,0.0,523300000.0,0.0
167,184254963.38440505,0.0,249914964.16568473,0.009643187694221355,94719891.3748407,0.0,27361462.96777778,0.0,135869980.572264,0.0,523300000.0,0.0
168,184254963.38440505,0.0,239378441.43559673,0.0022523350004847566,94719891.3748407,0.0,27361462.96777778,0.0,135869980.572264,0.0,523300000.0,0.0
169,184254963.38440505,0.0,237708532.9874137,0.0010359656742808308,94719891.3748407,0.0,33550606.4192452,0.0023569515119067595,135869980.572264,0.0,523300000.0,0.0
170,1121989818.5340765,0.575015102973674,236292372.12645143,0.0,94719891.3748407,0.0,27361462.96777778,0.0,135869980.572264,0.0,523300000.0,0.0
171,199156492.77629545,0.007355186921384844,279403781.1878171,0.02949952544906974,94719891.3748407,0.0,27361462.96777778,0.0,135869980.572264,0.0,523300000.0,0.0
172,210322699.87595063,0.012634510948651971,236292372.12645143,0.0,94719891.3748407,0.0,27361462.96777778,0.0,135869980.572264,0.0,523300000.0,0.0
173,184254963.38440505,0.0,237834406.6641929,0.0022188069114831466,94719891.3748407,0.0,27361462.96777778,0.0,135869980.572264,0.0,523300000.0,0.0
174,184254963.38440505,0.0,242555269.44492579,0.004513132321836472,94719891.3748407,0.0,27361462.96777778,0.0,135869980.572264,0.0,523300000.0,0.0
175,184254963.38440505,0.0,236292372.12645143,0.0,94719891.3748407,0.0,27361462.96777778,0.0,135869980.572264,0.0,523300000.0,0.0
176,184254963.38440505,0.0,241122262.72907582,0.004515158615851964,94719891.3748407,0.0,27361462.96777778,0.0,135869980.572264,0.0,523300000.0,0.0
177,184254963.38440505,0.0,245714881.84325773,0.006746347685777846,94719891.3748407,0.0,27361462.96777778,0.0,135869980.572264,0.0,523300000.0,0.0
178,184254963.38440505,0.0,236292372.12645143,0.0,94719891.3748407,0.0,27361462.96777778,0.0,135869980.572264,0.0,523300000.0,0.0
179,184254963.38440505,0.0,240087859.65476614,0.004396073243936764,94719891.3748407,0.0,27361462.96777778,0.0,135869980.572264,0.0,523300000.0,0.0
180,184254963.38440505,0.0,236292372.12645143,0.0,94719891.3748407,0.0,27361462.96777778,0.0,135869980.572264,0.0,523300000.0,0.0
181,184254963.38440505,0.0,237013470.8592692,0.0010580066212332517,94719891.3748407,0.0,30565059.42911499,0.0024495783997157895,135869980.572264,0.0,523300000.0,0.0
182,184254963.38440505,0.0,239448771.39744583,0.004520014858142943,94719891.3748407,0.0,27361462.96777778,0.0,135869980.572264,0.0,523300000.0,0.0
183,184254963.38440505,0.0,236292372.12645143,0.0,94719891.3748407,0.0,27361462.96777778,0.0,135869980.572264,0.0,523300000.0,0.0
184,184254963.38440505,0.0,236292372.12645143,0.0,94719891.3748407,0.0,27361462.96777778,0.0,135869980.572264,0.0,523300000.0,0.0
185,184254963.38440505,0.0,236292372.12645143,0.0,94719891.3748407,0.0,27627707.49769007,0.00018587886075437495,135869980.572264,0.0,523300000.0,0.0
186,184254963.38440505,0.0,236292372.12645143,0.0,94719891.3748407,0.0,27361462.96777778,0.0,135869980.572264,0.0,523300000.0,0.0
187,184254963.38440505,0.0,236292372.12645143,0.0,94719891.3748407,0.0,27361462.96777778,0.0,135869980.572264,0.0,523300000.0,0.0
188,184254963.38440505,0.0,236292372.12645143,0.0,94719891.3748407,0.0,27361462.96777778,0.0,135869980.572264,0.0,523300000.0,0.0
189,184254963.38440505,0.0,256935902.21720588,0.02324300173929232,94719891.3748407,0.0,27361462.96777778,0.0,135869980.572264,0.0,523300000.0,0.0
190,184254963.38440505,0.0,237010649.97700697,0.0010501729715248459,94719891.3748407,0.0,28715647.960236777,0.001091524309876945,135869980.572264,0.0,523300000.0,0.0
191,184254963.38440505,0.0,253936106.7925439,0.016055795255679916,94719891.3748407,0.0,27361462.96777778,0.0,135869980.572264,0.0,523300000.0,0.0
192,184254963.38440505,0.0,290691636.24751145,0.058950513004128825,94719891.3748407,0.0,27361462.96777778,0.0,135869980.572264,0.0,523300000.0,0.0
193,184254963.38440505,0.0,236292372.12645143,0.0,94719891.3748407,0.0,27361462.96777778,0.0,135869980.572264,0.0,523300000.0,0.0
194,184254963.38440505,0.0,236292372.12645143,0.0,94719891.3748407,0.0,27361462.96777778,0.0,135869980.572264,0.0,523300000.0,0.0
195,184254963.38440505,0.0,236292372.12645143,0.0,94719891.3748407,0.0,27361462.96777778,0.0,135869980.572264,0.0,523300000.0,0.0
196,184254963.38440505,0.0,342452064.8387267,0.08949650118940727,94719891.3748407,0.0,27361462.96777778,0.0,135869980.572264,0.0,523300000.0,0.0
197,184254963.38440505,0.0,236292372.12645143,0.0,94719891.3748407,0.0,27361462.96777778,0.0,135869980.572264,0.0,523300000.0,0.0
198,184254963.38440505,0.0,236292372.12645143,0.0,94719891.3748407,0.0,27361462.96777778,0.0,135869980.572264,0.0,523300000.0,0.0
199,184254963.38440505,0.0,242048077.50123885,0.006673611799444654,94719891.3748407,0.0,31115110.967876446,0.002239118599831785,135869980.572264,0.0,523300000.0,0.0
200,233359002.68889344,0.0,257957265.08829707,0.0,126132258.91351093,0.023400276060986387,60296464.42659481,0.0047784037869490524,115965160.7048629,0.0,1723200000.0,2294.112574296869
201,233359002.68889344,0.0,257957265.08829707,0.0,97373014.86488141,0.0,33256025.300704088,1.0744101345347164e-05,122211977.76417366,0.0030550283450816664,1723200000.0,286.9394752418435
202,233359002.68889344,0.0,257957265.08829707,0.0,97373014.86488141,0.0,33217918.813610718,0.0,116330895.56165724,0.00018222975757284436,1723200000.0,16.42966613669139
203,233359002.68889344,0.0,257957265.08829707,0.0,97373014.86488141,0.0,33803200.77040502,0.0001012925648503929,115965160.7048629,0.0,1723200000.0,19.784147441874445
204,233359002.68889344,0.0,257957265.08829707,0.0,97373014.86488141,0.0,33217918.813610718,0.0,115965160.7048629,0.0,1723200000.0,0.0
205,233359002.68889344,0.0,257957265.08829707,0.0,101767155.08367786,0.0027379161621704047,33217918.813610718,0.0,115965160.7048629,0.0,1723200000.0,92.86454726006228
206,233359002.68889344,0.0,257957265.08829707,0.0,97373014.86488141,0.0,33217918.813610718,0.0,115965160.7048629,0.0,1723200000.0,0.0
207,233359002.68889344,0.0,257957265.08829707,0.0,97373014.86488141,0.0,37257201.25699989,0.0006654736766337254,115965160.7048629,0.0,1723200000.0,140.82423559356033
208,233359002.68889344,0.0,257957265.08829707,0.0,97373014.86488141,0.0,37022512.2257097,0.0006130460898788634,115965160.7048629,0.0,1723200000.0,134.27713060386154
209,233359002.68889344,0.0,257957265.08829707,0.0,97373014.86488141,0.0,34931970.81450067,0.0002863663642035354,218301832.9114719,0.030863943140034638,1723200000.0,3377.0251146149476
210,233359002.68889344,0.0,257957265.08829707,0.0,97373014.86488141,0.0,33615491.71790714,5.8340337624525695e-05,156373247.81928885,0.009834168242664225,1723200000.0,948.5666212430963
211,233359002.68889344,0.0,257957265.08829707,0.0,97373014.86488141,0.0,33217918.813610718,0.0,115965160.7048629,0.0,1723200000.0,0.0
212,233359002.68889344,0.0,257957265.08829707,0.0,97373014.86488141,0.0,33926559.04307984,8.959080212400848e-05,125924282.73498978,0.00240569957515283,1723200000.0,251.82404172179184
213,233359002.68889344,0.0,257957265.08829707,0.0,105950616.23863654,0.007995497281836789,38646300.381426275,0.001246174796965249,115965160.7048629,0.0,1723200000.0,589.2264154116301
214,233359002.68889344,0.0,257957265.08829707,0.0,97373014.86488141,0.0,33217918.813610718,0.0,115965160.7048629,0.0,1723200000.0,0.0
215,233359002.68889344,0.0,257957265.08829707,0.0,97373014.86488141,0.0,33217918.813610718,0.0,146360410.49247587,0.009573284238804608,1723200000.0,918.2627594538616
216,233359002.68889344,0.0,257957265.08829707,0.0,97373014.86488141,0.0,34018893.0698118,0.00021526877155962968,115965160.7048629,0.0,1723200000.0,41.02573379875801
217,233359002.68889344,0.0,257957265.08829707,0.0,97373014.86488141,0.0,33217918.813610718,0.0,115965160.7048629,0.0,1723200000.0,0.0
218,233359002.68889344,0.0,257957265.08829707,0.0,97373014.86488141,0.0,34829002.734669805,0.0002201801361346225,115965160.7048629,0.0,1723200000.0,41.25572827234274
219,233359002.68889344,0.0,257957265.08829707,0.0,97373014.86488141,0.0,57771411.63052497,0.002808991738046036,115965160.7048629,0.0,1723200000.0,703.3879026228661
220,233359002.68889344,0.0,257957265.08829707,0.0,97373014.86488141,0.0,37084989.97422156,0.0006269225890765079,115965160.7048629,0.0,1723200000.0,136.0325097753619
221,233359002.68889344,0.0,264239850.6054685,0.001634639678815259,97373014.86488141,0.0,33648625.07524902,5.9484186859943664e-05,115965160.7048629,0.0,1723200000.0,134.46553240879786
222,233359002.68889344,0.0,257957265.08829707,0.0,97373014.86488141,0.0,33611085.12920877,5.728715893585114e-05,129125203.9802289,0.0032556955698485705,1723200000.0,310.8572276383044
223,233359002.68889344,0.0,257957265.08829707,0.0,97373014.86488141,0.0,33407052.763729323,5.30822633824667e-05,115965160.7048629,0.0,1723200000.0,9.370335630304341
224,233359002.68889344,0.0,257957265.08829707,0.0,97373014.86488141,0.0,33217918.813610718,0.0,115965160.7048629,0.0,1723200000.0,0.0
225,233359002.68889344,0.0,257957265.08829707,0.0,97373014.86488141,0.0,34829967.84987877,0.0002204107995433903,115965160.7048629,0.0,1723200000.0,41.26653001765502
226,233359002.68889344,0.0,257957265.08829707,0.0,110661879.09681284,0.008138804006689664,33217918.813610718,0.0,115965160.7048629,0.0,1723200000.0,287.4133796795304
227,233359002.68889344,0.0,257957265.08829707,0.0,97373014.86488141,0.0,33599670.8537929,5.4559136776865594e-05,115965160.7048629,0.0,1723200000.0,9.439496189189661
228,233359002.68889344,0.0,257957265.08829707,0.0,97373014.86488141,0.0,34022154.822605476,0.00011207818820692148,115965160.7048629,0.0,1723200000.0,20.289227797504854
229,233359002.68889344,0.0,257957265.08829707,0.0,97373014.86488141,0.0,33217918.813610718,0.0,119267396.07015398,0.0013114107949172467,1723200000.0,124.51974330165145
230,233359002.68889344,0.0,257957265.08829707,0.0,97373014.86488141,0.0,33217918.813610718,0.0,115965160.7048629,0.0,1723200000.0,0.0
231,233359002.68889344,0.0,257957265.08829707,0.0,97373014.86488141,0.0,43947454.97378114,0.0024588741553579103,115965160.7048629,0.0,1723200000.0,578.5704490996683
232,233359002.68889344,0.0,257957265.08829707,0.0,97373014.86488141,0.0,33217918.813610718,0.0,142431989.65446034,0.012621065416441972,1723200000.0,1241.9217377168616
233,233359002.68889344,0.0,257957265.08829707,0.0,97373014.86488141,0.0,33217918.813610718,0.0,119893463.72258325,0.001582160843033942,1723200000.0,146.4200869169698
234,233359002.68889344,0.0,257957265.08829707,0.0,97373014.86488141,0.0,33217918.813610718,0.0,117514147.58028117,0.0007636558115332087,1723200000.0,70.21210348909946
235,233359002.68889344,0.0,257957265.08829707,0.0,97373014.86488141,0.0,35199391.93826189,0.0004160355413786238,115965160.7048629,0.0,1723200000.0,85.96385485288428
236,233359002.68889344,0.0,257957265.08829707,0.0,98979439.65477778,0.0012590478738572968,34191102.83818953,0.00021379767994897928,115965160.7048629,0.0,1723200000.0,83.4810016541318
237,233359002.68889344,0.0,257957265.08829707,0.0,97373014.86488141,0.0,33217918.813610718,0.0,115965160.7048629,0.0,1723200000.0,0.0
238,233359002.68889344,0.0,257957265.08829707,0.0,97373014.86488141,0.0,35470765.02000748,0.0002925521770912562,115965160.7048629,0.0,1723200000.0,59.796976382215014
239,233359002.68889344,0.0,259851661.7308483,0.0008098728210791558,97373014.86488141,0.0,33217918.813610718,0.0,115965160.7048629,0.0,1723200000.0,60.46398290185534
240,233359002.68889344,0.0,257957265.08829707,0.0,98698051.84755531,0.0012729650302970364,36814942.56015628,0.0008830960610922421,115965160.7048629,0.0,1723200000.0,237.13019772036566
241,233359002.68889344,0.0,259055188.59168684,0.00037689517838349724,106388856.96167871,0.005604923393019424,37192230.499434195,0.0006405723440379174,115965160.7048629,0.0,1723200000.0,359.44041274897063
242,233359002.68889344,0.0,263734684.741812,0.002420298065614779,97373014.86488141,0.0,33217918.813610718,0.0,115965160.7048629,0.0,1723200000.0,185.5648125967137
243,233359002.68889344,0.0,257957265.08829707,0.0,97373014.86488141,0.0,33217918.813610718,0.0,115965160.7048629,0.0,1723200000.0,0.0
244,233359002.68889344,0.0,257957265.08829707,0.0,97373014.86488141,0.0,33217918.813610718,0.0,115965160.7048629,0.0,1723200000.0,0.0
245,233359002.68889344,0.0,257957265.08829707,0.0,97373014.86488141,0.0,33217918.813610718,0.0,115965160.7048629,0.0,1723200000.0,0.0
246,233359002.68889344,0.0,266852392.94999534,0.002936592048419662,97373014.86488141,0.0,35247903.66875258,0.00031951207346354903,115965160.7048629,0.0,1723200000.0,301.0635501359309
247,233359002.68889344,0.0,257957265.08829707,0.0,97373014.86488141,0.0,33862640.34557551,0.00011971782817908127,115965160.7048629,0.0,1723200000.0,20.646984780710753
248,233359002.68889344,0.0,257957265.08829707,0.0,97373014.86488141,0.0,33217918.813610718,0.0,117734351.003533,0.0007116995531052186,1723200000.0,66.00948221366818
249,233359002.68889344,0.0,257957265.08829707,0.0,97373014.86488141,0.0,48560839.86840448,0.0028191912402851177,115965160.7048629,0.0,1723200000.0,704.957044075659
250,265958863.13619265,0.0,260761564.78804824,0.0010155751914200223,131164543.29242584,0.015419680666798184,65620600.27356592,6.740476976317222e-05,37571052.55393442,0.0006862985302547971,673800000.0,4451.625018583191
251,265958863.13619265,0.0,254841534.67915237,0.0,81101963.466326,0.0,64793596.51352224,0.0,286218174.2688437,0.03200002854077363,673800000.0,19035.83588390064
252,265958863.13619265,0.0,254841534.67915237,0.0,81101963.466326,0.0,64793596.51352224,0.0,97705559.1390386,0.011092531865482261,673800000.0,6285.3942912715165
253,265958863.13619265,0.0,254841534.67915237,0.0,81101963.466326,0.0,64793596.51352224,0.0,162392683.2800492,0.013457415485766046,673800000.0,7797.609876359949
254,265958863.13619265,0.0,257273587.64417058,0.0002817408216471078,81101963.466326,0.0,64793596.51352224,0.0,80154279.41964673,0.0055255433066363855,673800000.0,3221.006850609314
255,265958863.13619265,0.0,254841534.67915237,0.0,95105546.71156482,0.0029614447466585793,64793596.51352224,0.0,49562268.675465345,0.002073648299261357,673800000.0,1766.5793005060607
256,265958863.13619265,0.0,254841534.67915237,0.0,81101963.466326,0.0,64793596.51352224,0.0,65478392.581363976,0.004788593831405625,673800000.0,2725.4424761998625
257,265958863.13619265,0.0,254841534.67915237,0.0,81101963.466326,0.0,64793596.51352224,0.0,79491082.22676682,0.005524910866688281,673800000.0,3093.96365082023
258,265958863.13619265,0.0,254841534.67915237,0.0,81101963.466326,0.0,64793596.51352224,0.0,43462049.46803962,0.0014256189360094642,673800000.0,791.7717753635218
259,265958863.13619265,0.0,254841534.67915237,0.0,81101963.466326,0.0,64793596.51352224,0.0,1160509935.6591814,0.1095544372229193,673800000.0,73716.1768405383
260,265958863.13619265,0.0,254841534.67915237,0.0,81101963.466326,0.0,64793596.51352224,0.0,649482488.5009342,0.061007003918745875,673800000.0,37657.5895644252
261,265958863.13619265,0.0,254841534.67915237,0.0,81101963.466326,0.0,64793596.51352224,0.0,83453752.42605996,0.007125454500883486,673800000.0,4084.03585196488
262,265958863.13619265,0.0,254841534.67915237,0.0,81101963.466326,0.0,64793596.51352224,0.0,357124558.34094924,0.028920983879990883,673800000.0,17530.259419860413
263,265958863.13619265,0.0,254841534.67915237,0.0,102338158.75157285,0.006748849908246354,64793596.51352224,0.0,30351526.042379983,0.0,673800000.0,1419.4159425107723
264,265958863.13619265,0.0,254841534.67915237,0.0,81101963.466326,0.0,64793596.51352224,0.0,69509788.68096435,0.005280557240812217,673800000.0,2971.6664868057846
265,265958863.13619265,0.0,254841534.67915237,0.0,81101963.466326,0.0,64793596.51352224,0.0,708424527.1265163,0.0684142919840256,673800000.0,42490.76617058225
266,265958863.13619265,0.0,254841534.67915237,0.0,81375471.8019939,8.974990853018801e-05,64793596.51352224,0.0,135878374.10469335,0.013170122039010792,673800000.0,7554.779113001378
267,265958863.13619265,0.0,266662974.83219925,0.0010266078802374783,81101963.466326,0.0,64793596.51352224,0.0,117637952.02537587,0.008647939129483972,673800000.0,5405.651801896368
268,265958863.13619265,0.0,256290149.2894837,0.00012976217156929461,81647120.19281463,9.034541499258032e-05,64793596.51352224,0.0,92115010.92379232,0.0054338744688991174,673800000.0,3124.215821672494
269,265958863.13619265,0.0,256282811.41020983,0.00012853075072892913,81101963.466326,0.0,65757061.19798902,5.0044661937286136e-05,296566910.5095591,0.02434268625357424,673800000.0,14437.837663584814
270,265958863.13619265,0.0,254841534.67915237,0.0,81101963.466326,0.0,64793596.51352224,0.0,60102240.34636234,0.003231363763910505,673800000.0,1813.4597128386486
271,265958863.13619265,0.0,289335565.1016376,0.00291323250858213,81101963.466326,0.0,64793596.51352224,0.0,51640505.04590403,0.0022590975558045125,673800000.0,2667.7259204248844
272,265958863.13619265,0.0,254841534.67915237,0.0,81101963.466326,0.0,64793596.51352224,0.0,395788117.7286546,0.033643850467905884,673800000.0,19843.231280822176
273,265958863.13619265,0.0,255565225.97931483,0.0001278247482703734,81101963.466326,0.0,64793596.51352224,0.0,64622882.38312359,0.00513382484727137,673800000.0,2956.0396021975243
274,265958863.13619265,0.0,257967289.9283345,0.0002769401752099863,81101963.466326,0.0,64793596.51352224,0.0,138651140.51786637,0.009608044954437015,673800000.0,5597.7935266919585
275,265958863.13619265,0.0,254841534.67915237,0.0,81101963.466326,0.0,64793596.51352224,0.0,168435740.22804204,0.01190629001031608,673800000.0,6773.247331045014
276,265958863.13619265,0.0,259758466.24984565,0.0005607641865995642,112969619.28480059,0.006638388709142892,64793596.51352224,0.0,113739855.26263374,0.009674327472182727,673800000.0,7218.200435577115
277,265958863.13619265,0.0,261238828.70080855,0.0005641299293205954,81101963.466326,0.0,64793596.51352224,0.0,93825273.30315204,0.005943704823396097,673800000.0,3602.888402261302
278,265958863.13619265,0.0,254841534.67915237,0.0,81101963.466326,0.0,64793596.51352224,0.0,185833129.03138822,0.015013233133305543,673800000.0,8629.963272388108
279,265958863.13619265,0.0,256736103.752415,0.0002700047172009871,81101963.466326,0.0,64793596.51352224,0.0,226013848.42235965,0.02522780010517696,673800000.0,15519.544118138525
280,265958863.13619265,0.0,254841534.67915237,0.0,81101963.466326,0.0,64793596.51352224,0.0,142867864.11934558,0.014492831872995326,673800000.0,8503.077023584097
281,265958863.13619265,0.0,255575281.4665615,0.00013117566436321958,81101963.466326,0.0,65030787.29628384,2.5296614105568958e-05,100052966.0238995,0.009875871932146668,673800000.0,5620.958251519676
282,265958863.13619265,0.0,258054784.8936069,0.0005613469356744816,81101963.466326,0.0,64793596.51352224,0.0,597224364.1228149,0.07970223145725588,673800000.0,51475.55384445732
283,265958863.13619265,0.0,254841534.67915237,0.0,81101963.466326,0.0,64793596.51352224,0.0,218556934.15817466,0.024628017333193003,673800000.0,14474.984820131249
284,265958863.13619265,0.0,254841534.67915237,0.0,82459343.5175241,0.0004430916773063314,64793596.51352224,0.0,155452008.81633714,0.01961281118666923,673800000.0,11564.350812988756
285,265958863.13619265,0.0,254841534.67915237,0.0,81101963.466326,0.0,64793596.51352224,0.0,151524921.90105525,0.01511631850029584,673800000.0,8681.279083287349
286,265958863.13619265,0.0,254841534.67915237,0.0,88496293.27558674,0.001969056948483853,64793596.51352224,0.0,32556164.93992851,0.0003000047440878766,673800000.0,563.3234000202243
287,265958863.13619265,0.0,254841534.67915237,0.0,81101963.466326,0.0,64793596.51352224,0.0,39354613.07131701,0.0015029703499670414,673800000.0,830.4855801028755
288,265958863.13619265,0.0,254841534.67915237,0.0,81101963.466326,0.0,64793596.51352224,0.0,305954521.14894885,0.02464226202528521,673800000.0,14481.999229235025
289,265958863.13619265,0.0,269155765.4392812,0.0019972200519798745,81101963.466326,0.0,64793596.51352224,0.0,31778588.039086632,0.0001609501840006999,673800000.0,1036.013391199761
290,265958863.13619265,0.0,255572460.58429927,0.00013023562639821092,87195512.48272637,0.001987183490578335,64793596.51352224,0.0,46975333.20087493,0.0026771042487111207,673800000.0,1948.2125145600794
291,265958863.13619265,0.0,272812217.1079064,0.0019978581880026034,88836120.70303844,0.0016144868893693588,64793596.51352224,0.0,38576653.487499714,0.0007868517195945381,673800000.0,1712.616897951612
292,265958863.13619265,0.0,300528332.783882,0.006111739765095953,81101963.466326,0.0,64793596.51352224,0.0,71138248.84215066,0.004464801630068212,673800000.0,5566.923858044294
293,265958863.13619265,0.0,254841534.67915237,0.0,81101963.466326,0.0,64793596.51352224,0.0,73757547.22671741,0.005822220139696084,673800000.0,3284.018883766388
294,265958863.13619265,0.0,254841534.67915237,0.0,81101963.466326,0.0,64793596.51352224,0.0,51869244.90316507,0.00290839248242712,673800000.0,1644.8457148525922
295,265958863.13619265,0.0,254841534.67915237,0.0,81101963.466326,0.0,64793596.51352224,0.0,62959366.23056645,0.0027606823057807293,673800000.0,1535.7185207421355
296,265958863.13619265,0.0,325653094.79367006,0.0074571830375114575,81101963.466326,0.0,64793596.51352224,0.0,56867136.820884466,0.002962910244565171,673800000.0,5457.019457254296
297,265958863.13619265,0.0,254841534.67915237,0.0,81101963.466326,0.0,64793596.51352224,0.0,81751024.1475993,0.0055867099700157765,673800000.0,3124.8936402913973
298,265958863.13619265,0.0,254841534.67915237,0.0,81101963.466326,0.0,64793596.51352224,0.0,182219625.80309892,0.018438701949606652,673800000.0,10863.04367623188
299,265958863.13619265,0.0,258749833.14741218,0.0005583501147520581,81101963.466326,0.0,64793596.51352224,0.0,30351526.042379983,0.0,673800000.0,257.0766520581323
300,231982397.93393332,0.0,275036483.9272252,0.0,517500661.23584896,0.14804255338415098,32289850.28479331,3.999745549332993e-05,173752381.56634772,0.0,1307200000.0,25327.075531109927
301,231982397.93393332,0.0,275036483.9272252,0.0,103019561.26034293,0.001186943578302279,31756465.62997268,0.0,173752381.56634772,0.0,1307200000.0,154.7224633420722
302,231982397.93393332,0.0,275036483.9272252,0.0,111328116.30589671,0.004516879138544141,31756465.62997268,0.0,173752381.56634772,0.0,1307200000.0,597.2693215060475
303,231982397.93393332,0.0,275036483.9272252,0.0,100085910.603423,0.0,31756465.62997268,0.0,173752381.56634772,0.0,1307200000.0,0.0
304,231982397.93393332,0.0,275036483.9272252,0.0,100504118.28401437,0.00011192961306194425,31756465.62997268,0.0,173752381.56634772,0.0,1307200000.0,14.212246572588157
305,231982397.93393332,0.0,275036483.9272252,0.0,150195906.75338078,0.012928281024342481,31756465.62997268,0.0,173752381.56634772,0.0,1307200000.0,1840.8305647556103
306,231982397.93393332,0.0,275036483.9272252,0.0,107376079.5800018,0.0023993717747446365,31756465.62997268,0.0,173752381.56634772,0.0,1307200000.0,317.8164112279956
307,231982397.93393332,0.0,275036483.9272252,0.0,100085910.603423,0.0,32581296.792343173,6.335340785965741e-05,173752381.56634772,0.0,1307200000.0,44.11344643877504
308,231982397.93393332,0.0,275036483.9272252,0.0,117161349.49962586,0.004452057782267588,32061708.8234512,2.131884560178917e-05,173752381.56634772,0.0,1307200000.0,614.0110631776818
309,231982397.93393332,0.0,275036483.9272252,0.0,102148070.42672488,0.0005462641928567061,31756465.62997268,0.0,176342577.3356575,0.0003495758707397819,1307200000.0,197.53457839569535
310,231982397.93393332,0.0,275036483.9272252,0.0,100085910.603423,0.0,31756465.62997268,0.0,173752381.56634772,0.0,1307200000.0,0.0
311,231982397.93393332,0.0,275036483.9272252,0.0,100085910.603423,0.0,31756465.62997268,0.0,173752381.56634772,0.0,1307200000.0,0.0
312,231982397.93393332,0.0,275036483.9272252,0.0,100085910.603423,0.0,31756465.62997268,0.0,173752381.56634772,0.0,1307200000.0,0.0
313,231982397.93393332,0.0,275036483.9272252,0.0,275236744.5660861,0.06180891451680112,31756465.62997268,0.0,173752381.56634772,0.0,1307200000.0,10287.585846309563
314,231982397.93393332,0.0,275036483.9272252,0.0,107399599.92684007,0.0024133604458443265,31756465.62997268,0.0,173752381.56634772,0.0,1307200000.0,317.9839911363102
315,231982397.93393332,0.0,275036483.9272252,0.0,102159465.50692832,0.0005516633308474049,31756465.62997268,0.0,173752381.56634772,0.0,1307200000.0,70.9209170570132
316,231982397.93393332,0.0,275036483.9272252,0.0,113233514.47238635,0.005246500145466297,31756465.62997268,0.0,173752381.56634772,0.0,1307200000.0,703.4310692615168
317,231982397.93393332,0.0,275036483.9272252,0.0,100085910.603423,0.0,31756465.62997268,0.0,173752381.56634772,0.0,1307200000.0,0.0
318,231982397.93393332,0.0,275036483.9272252,0.0,126271309.76473752,0.0052748301229363125,31756465.62997268,0.0,173752381.56634772,0.0,1307200000.0,703.7704535384896
319,231982397.93393332,0.0,275036483.9272252,0.0,112020201.60212654,0.0024233471941200978,36695378.99662702,0.00025276016672676384,173752381.56634772,0.0,1307200000.0,543.0214338850158
320,231982397.93393332,0.0,275036483.9272252,0.0,100085910.603423,0.0,32986430.892654616,9.016585671423941e-05,173752381.56634772,0.0,1307200000.0,68.19692293152329
321,231982397.93393332,0.0,278173637.67417884,0.00034856629604933904,100085910.603423,0.0,31756465.62997268,0.0,173752381.56634772,0.0,1307200000.0,101.60694515153375
322,231982397.93393332,0.0,275036483.9272252,0.0,100085910.603423,0.0,31756465.62997268,0.0,173752381.56634772,0.0,1307200000.0,0.0
323,231982397.93393332,0.0,275036483.9272252,0.0,109100006.91723876,0.0036057843282736386,31756465.62997268,0.0,173752381.56634772,0.0,1307200000.0,481.07704576594097
324,231982397.93393332,0.0,275036483.9272252,0.0,105921001.91980813,0.001190448975831813,31756465.62997268,0.0,173752381.56634772,0.0,1307200000.0,154.76445690903927
325,231982397.93393332,0.0,275036483.9272252,0.0,100085910.603423,0.0,31756465.62997268,0.0,173752381.56634772,0.0,1307200000.0,0.0
326,231982397.93393332,0.0,275036483.9272252,0.0,310594683.5705612,0.05105221505560851,31756465.62997268,0.0,173752381.56634772,0.0,1307200000.0,8343.200870285682
327,231982397.93393332,0.0,275036483.9272252,0.0,100085910.603423,0.0,31756465.62997268,0.0,173752381.56634772,0.0,1307200000.0,0.0
328,231982397.93393332,0.0,275036483.9272252,0.0,100085910.603423,0.0,31756465.62997268,0.0,173752381.56634772,0.0,1307200000.0,0.0
329,231982397.93393332,0.0,275036483.9272252,0.0,100085910.603423,0.0,31756465.62997268,0.0,173752381.56634772,0.0,1307200000.0,0.0
330,231982397.93393332,0.0,275036483.9272252,0.0,101418710.26198113,0.0005360333423567344,31756465.62997268,0.0,173752381.56634772,0.0,1307200000.0,70.73367467926637
331,231982397.93393332,0.0,275036483.9272252,0.0,103046297.29389895,0.0012063385904022435,34472147.269234285,0.0002873337758184482,173752381.56634772,0.0,1307200000.0,394.8377388395244
332,231982397.93393332,0.0,275036483.9272252,0.0,122142492.7377296,0.00874112866376255,31756465.62997268,0.0,173752381.56634772,0.0,1307200000.0,1189.8459196893432
333,231982397.93393332,0.0,275036483.9272252,0.0,100416728.43114638,0.00011053047283469826,31756465.62997268,0.0,173752381.56634772,0.0,1307200000.0,14.195485309897071
334,231982397.93393332,0.0,275036483.9272252,0.0,114034437.55733937,0.005539649408126256,31756465.62997268,0.0,173752381.56634772,0.0,1307200000.0,750.5053688411622
335,231982397.93393332,0.0,275036483.9272252,0.0,100085910.603423,0.0,31994861.063530326,2.3366768663410208e-05,173752381.56634772,0.0,1307200000.0,15.789294884492007
336,231982397.93393332,0.0,275036483.9272252,0.0,126489078.3041548,0.008503958953368742,31756465.62997268,0.0,173752381.56634772,0.0,1307200000.0,1184.1007311717096
337,231982397.93393332,0.0,275036483.9272252,0.0,100085910.603423,0.0,31756465.62997268,0.0,173752381.56634772,0.0,1307200000.0,0.0
338,231982397.93393332,0.0,275036483.9272252,0.0,112007580.78556468,0.0024187366090984907,31756465.62997268,0.0,173752381.56634772,0.0,1307200000.0,318.048395892044
339,231982397.93393332,0.0,275926441.5662496,0.0001622591376281335,107443832.60706404,0.0024396677286308397,31756465.62997268,0.0,173752381.56634772,0.0,1307200000.0,365.1066184205653
340,231982397.93393332,0.0,275036483.9272252,0.0,122272579.30614,0.008821486241105847,31756465.62997268,0.0,173752381.56634772,0.0,1307200000.0,1191.4864023005728
341,231982397.93393332,0.0,276153772.08577836,0.00016230824492882728,213438369.91909263,0.028174375250065005,31756465.62997268,0.0,173752381.56634772,0.0,1307200000.0,4298.550501766125
342,231982397.93393332,0.0,278959243.9132114,0.0007028764723448003,100085910.603423,0.0,31756465.62997268,0.0,173752381.56634772,0.0,1307200000.0,207.47235029138866
343,231982397.93393332,0.0,275036483.9272252,0.0,100415663.43877423,0.00010989707111999436,31756465.62997268,0.0,173752381.56634772,0.0,1307200000.0,14.187897355292952
344,231982397.93393332,0.0,275036483.9272252,0.0,100085910.603423,0.0,31756465.62997268,0.0,173752381.56634772,0.0,1307200000.0,0.0
345,231982397.93393332,0.0,275036483.9272252,0.0,102776958.9538329,0.0005522686688931858,31756465.62997268,0.0,173752381.56634772,0.0,1307200000.0,70.92816881763352
346,231982397.93393332,0.0,282378610.93021125,0.0010329703445971779,100085910.603423,0.0,31756465.62997268,0.0,173752381.56634772,0.0,1307200000.0,310.77217394456
347,231982397.93393332,0.0,275036483.9272252,0.0,104600427.59511368,0.0011978344898240176,31756465.62997268,0.0,173752381.56634772,0.0,1307200000.0,154.85293305869277
348,231982397.93393332,0.0,275036483.9272252,0.0,100085910.603423,0.0,31756465.62997268,0.0,173752381.56634772,0.0,1307200000.0,0.0
349,231982397.93393332,0.0,275036483.9272252,0.0,100085910.603423,0.0,34888091.89057989,0.00026706523176336027,173752381.56634772,0.0,1307200000.0,228.85243289281206
350,72222705.9376919,0.0,166473553.722367,0.0,92102587.19999316,0.0,59138717.348089054,0.000674598411181177,211036732.54621977,0.0,1080100000.0,142.09797176279133
351,72222705.9376919,0.0,166473553.722367,0.0,92102587.19999316,0.0,56472370.079071574,0.0,211036732.54621977,0.0,1080100000.0,0.0
352,72222705.9376919,0.0,166473553.722367,0.0,92102587.19999316,0.0,56472370.079071574,0.0,211036732.54621977,0.0,1080100000.0,0.0
353,72222705.9376919,0.0,166473553.722367,0.0,92102587.19999316,0.0,56472370.079071574,0.0,211036732.54621977,0.0,1080100000.0,0.0
354,72222705.9376919,0.0,166473553.722367,0.0,92102587.19999316,0.0,56472370.079071574,0.0,211036732.54621977,0.0,1080100000.0,0.0
355,72222705.9376919,0.0,166473553.722367,0.0,92102587.19999316,0.0,56472370.079071574,0.0,211036732.54621977,0.0,1080100000.0,0.0
356,72222705.9376919,0.0,166473553.722367,0.0,92102587.19999316,0.0,56472370.079071574,0.0,211036732.54621977,0.0,1080100000.0,0.0
357,72222705.9376919,0.0,166473553.722367,0.0,92102587.19999316,0.0,56472370.079071574,0.0,211036732.54621977,0.0,1080100000.0,0.0
358,72222705.9376919,0.0,166473553.722367,0.0,92102587.19999316,0.0,56472370.079071574,0.0,211036732.54621977,0.0,1080100000.0,0.0
359,72222705.9376919,0.0,166473553.722367,0.0,92102587.19999316,0.0,56472370.079071574,0.0,239252567.92736277,0.008825660166771124,1080100000.0,859.2495987370751
360,72222705.9376919,0.0,166473553.722367,0.0,92102587.19999316,0.0,56472370.079071574,0.0,214521141.70260563,0.0008721695548721864,1080100000.0,78.98952858149977
361,72222705.9376919,0.0,166473553.722367,0.0,92102587.19999316,0.0,56472370.079071574,0.0,211036732.54621977,0.0,1080100000.0,0.0
362,72222705.9376919,0.0,166473553.722367,0.0,92102587.19999316,0.0,56472370.079071574,0.0,211036732.54621977,0.0,1080100000.0,0.0
363,72222705.9376919,0.0,166473553.722367,0.0,92102587.19999316,0.0,56472370.079071574,0.0,211036732.54621977,0.0,1080100000.0,0.0
364,72222705.9376919,0.0,166473553.722367,0.0,92102587.19999316,0.0,56472370.079071574,0.0,211036732.54621977,0.0,1080100000.0,0.0
365,72222705.9376919,0.0,166473553.722367,0.0,92102587.19999316,0.0,56472370.079071574,0.0,216281817.92371085,0.0016903882367183397,1080100000.0,155.17434984975813
366,72222705.9376919,0.0,166473553.722367,0.0,92102587.19999316,0.0,56472370.079071574,0.0,211036732.54621977,0.0,1080100000.0,0.0
367,72222705.9376919,0.0,166473553.722367,0.0,92102587.19999316,0.0,56472370.079071574,0.0,211036732.54621977,0.0,1080100000.0,0.0
368,72222705.9376919,0.0,166473553.722367,0.0,92102587.19999316,0.0,56472370.079071574,0.0,211036732.54621977,0.0,1080100000.0,0.0
369,75045421.87376682,0.000480260336625704,166473553.722367,0.0,92102587.19999316,0.0,57311707.96263204,0.00012046756800968858,211036732.54621977,0.0,1080100000.0,32.90218633128317
370,1469601933.9525547,0.3100118007683801,166473553.722367,0.0,92102587.19999316,0.0,56472370.079071574,0.0,211036732.54621977,0.0,1080100000.0,7888.16486395183
371,100338295.15997519,0.004783620686642601,166473553.722367,0.0,92102587.19999316,0.0,56472370.079071574,0.0,211036732.54621977,0.0,1080100000.0,121.71791050960536
372,143835426.4315682,0.012184275722372398,166473553.722367,0.0,92102587.19999316,0.0,56472370.079071574,0.0,211036732.54621977,0.0,1080100000.0,310.02553905271276
373,72222705.9376919,0.0,166473553.722367,0.0,92102587.19999316,0.0,56472370.079071574,0.0,211036732.54621977,0.0,1080100000.0,0.0
374,72222705.9376919,0.0,166473553.722367,0.0,92102587.19999316,0.0,56472370.079071574,0.0,211036732.54621977,0.0,1080100000.0,0.0
375,72222705.9376919,0.0,166473553.722367,0.0,92102587.19999316,0.0,56472370.079071574,0.0,211036732.54621977,0.0,1080100000.0,0.0
376,72222705.9376919,0.0,166473553.722367,0.0,92102587.19999316,0.0,56472370.079071574,0.0,211036732.54621977,0.0,1080100000.0,0.0
377,72222705.9376919,0.0,166473553.722367,0.0,92102587.19999316,0.0,56472370.079071574,0.0,211036732.54621977,0.0,1080100000.0,0.0
378,72222705.9376919,0.0,166473553.722367,0.0,92102587.19999316,0.0,56472370.079071574,0.0,211036732.54621977,0.0,1080100000.0,0.0
379,72222705.9376919,0.0,166473553.722367,0.0,92102587.19999316,0.0,56472370.079071574,0.0,211036732.54621977,0.0,1080100000.0,0.0
380,72222705.9376919,0.0,166473553.722367,0.0,92102587.19999316,0.0,56472370.079071574,0.0,211036732.54621977,0.0,1080100000.0,0.0
381,72222705.9376919,0.0,166473553.722367,0.0,92102587.19999316,0.0,56689939.108539775,6.657743734836475e-05,211036732.54621977,0.0,1080100000.0,10.002301631774639
382,72222705.9376919,0.0,166473553.722367,0.0,92102587.19999316,0.0,56472370.079071574,0.0,217320645.46803647,0.0030745957435992554,1080100000.0,286.6412357616984
383,72222705.9376919,0.0,166473553.722367,0.0,92102587.19999316,0.0,56472370.079071574,0.0,211036732.54621977,0.0,1080100000.0,0.0
384,72222705.9376919,0.0,166473553.722367,0.0,92102587.19999316,0.0,56472370.079071574,0.0,211036732.54621977,0.0,1080100000.0,0.0
385,72222705.9376919,0.0,166473553.722367,0.0,92102587.19999316,0.0,56472370.079071574,0.0,211036732.54621977,0.0,1080100000.0,0.0
386,73956521.98473646,0.000480260336625704,166473553.722367,0.0,92102587.19999316,0.0,56472370.079071574,0.0,211036732.54621977,0.0,1080100000.0,12.220091956276764
387,72222705.9376919,0.0,166473553.722367,0.0,92102587.19999316,0.0,56472370.079071574,0.0,211036732.54621977,0.0,1080100000.0,0.0
388,72222705.9376919,0.0,166473553.722367,0.0,92102587.19999316,0.0,56472370.079071574,0.0,211036732.54621977,0.0,1080100000.0,0.0
389,72222705.9376919,0.0,166473553.722367,0.0,92102587.19999316,0.0,56472370.079071574,0.0,211036732.54621977,0.0,1080100000.0,0.0
390,72222705.9376919,0.0,166473553.722367,0.0,92102587.19999316,0.0,56472370.079071574,0.0,211036732.54621977,0.0,1080100000.0,0.0
391,72222705.9376919,0.0,166473553.722367,0.0,92102587.19999316,0.0,56472370.079071574,0.0,211036732.54621977,0.0,1080100000.0,0.0
392,72222705.9376919,0.0,166473553.722367,0.0,92102587.19999316,0.0,56472370.079071574,0.0,211036732.54621977,0.0,1080100000.0,0.0
393,72222705.9376919,0.0,166473553.722367,0.0,92102587.19999316,0.0,56472370.079071574,0.0,211036732.54621977,0.0,1080100000.0,0.0
394,72222705.9376919,0.0,166473553.722367,0.0,92102587.19999316,0.0,56472370.079071574,0.0,211036732.54621977,0.0,1080100000.0,0.0
395,72222705.9376919,0.0,166473553.722367,0.0,92102587.19999316,0.0,56472370.079071574,0.0,211036732.54621977,0.0,1080100000.0,0.0
396,72222705.9376919,0.0,166473553.722367,0.0,92102587.19999316,0.0,56472370.079071574,0.0,211036732.54621977,0.0,1080100000.0,0.0
397,72222705.9376919,0.0,166473553.722367,0.0,92102587.19999316,0.0,56472370.079071574,0.0,211036732.54621977,0.0,1080100000.0,0.0
398,72222705.9376919,0.0,166473553.722367,0.0,92102587.19999316,0.0,56472370.079071574,0.0,211036732.54621977,0.0,1080100000.0,0.0
399,72222705.9376919,0.0,166473553.722367,0.0,92102587.19999316,0.0,56992390.711082876,0.0001222062336939768,211036732.54621977,0.0,1080100000.0,20.763514414730963
400,237161696.09891078,0.0,122529913.13437451,0.0,118508843.76435998,0.04389067905462021,69307194.68911892,0.015322189137741657,173286182.40483302,0.0,1149100000.0,0.0
401,237161696.09891078,0.0,122529913.13437451,0.0,100455669.33672759,0.0,36638443.08991128,0.0,173286182.40483302,0.0,1149100000.0,0.0
402,237161696.09891078,0.0,122529913.13437451,0.0,100455669.33672759,0.0,36638443.08991128,0.0,173286182.40483302,0.0,1149100000.0,0.0
403,237161696.09891078,0.0,122529913.13437451,0.0,100455669.33672759,0.0,36638443.08991128,0.0,173286182.40483302,0.0,1149100000.0,0.0
404,237161696.09891078,0.0,122529913.13437451,0.0,100455669.33672759,0.0,36638443.08991128,0.0,173286182.40483302,0.0,1149100000.0,0.0
405,237161696.09891078,0.0,122529913.13437451,0.0,104686235.85157552,0.007162660292188217,36638443.08991128,0.0,173286182.40483302,0.0,1149100000.0,0.0
406,237161696.09891078,0.0,122529913.13437451,0.0,100455669.33672759,0.0,36638443.08991128,0.0,173286182.40483302,0.0,1149100000.0,0.0
407,237161696.09891078,0.0,122529913.13437451,0.0,100455669.33672759,0.0,38888050.57936222,0.0012132196712962783,173286182.40483302,0.0,1149100000.0,0.0
408,237161696.09891078,0.0,122529913.13437451,0.0,100455669.33672759,0.0,40287002.79315897,0.0015411683858259995,173286182.40483302,0.0,1149100000.0,0.0
409,237161696.09891078,0.0,122529913.13437451,0.0,100455669.33672759,0.0,37237145.10928963,0.00029292377042178887,175469967.0701165,0.0019415639821544059,1149100000.0,0.0
410,237161696.09891078,0.0,122529913.13437451,0.0,100455669.33672759,0.0,36638443.08991128,0.0,173286182.40483302,0.0,1149100000.0,0.0
411,237161696.09891078,0.0,122529913.13437451,0.0,100455669.33672759,0.0,36638443.08991128,0.0,173286182.40483302,0.0,1149100000.0,0.0
412,237161696.09891078,0.0,122529913.13437451,0.0,100455669.33672759,0.0,36638443.08991128,0.0,173286182.40483302,0.0,1149100000.0,0.0
413,237161696.09891078,0.0,122529913.13437451,0.0,108408059.50211945,0.019827911406414753,40407945.08909476,0.0020385219123202555,173286182.40483302,0.0,1149100000.0,0.0
414,237161696.09891078,0.0,122529913.13437451,0.0,100455669.33672759,0.0,36638443.08991128,0.0,173286182.40483302,0.0,1149100000.0,0.0
415,237161696.09891078,0.0,122529913.13437451,0.0,100455669.33672759,0.0,36638443.08991128,0.0,173286182.40483302,0.0,1149100000.0,0.0
416,237161696.09891078,0.0,122529913.13437451,0.0,100455669.33672759,0.0,36830922.76862104,0.00015186147965769213,173286182.40483302,0.0,1149100000.0,0.0
417,237161696.09891078,0.0,122810099.3452777,0.0002028022538937497,100455669.33672759,0.0,36638443.08991128,0.0,173286182.40483302,0.0,1149100000.0,0.0
418,237161696.09891078,0.0,122529913.13437451,0.0,100455669.33672759,0.0,36717809.25330548,3.229861440037047e-05,173286182.40483302,0.0,1149100000.0,0.0
419,237161696.09891078,0.0,122529913.13437451,0.0,100455669.33672759,0.0,53952247.599593595,0.006120560056733162,173286182.40483302,0.0,1149100000.0,0.0
420,237597268.3443172,0.00026699658357554057,122529913.13437451,0.0,100455669.33672759,0.0,40306890.634102955,0.0017206394706552476,173286182.40483302,0.0,1149100000.0,0.0
421,237161696.09891078,0.0,128731861.6932566,0.004427897008431303,100455669.33672759,0.0,36638443.08991128,0.0,173286182.40483302,0.0,1149100000.0,0.0
422,237161696.09891078,0.0,122529913.13437451,0.0,100455669.33672759,0.0,36638443.08991128,0.0,173286182.40483302,0.0,1149100000.0,0.0
423,237161696.09891078,0.0,122529913.13437451,0.0,100455669.33672759,0.0,36638443.08991128,0.0,173286182.40483302,0.0,1149100000.0,0.0
424,237161696.09891078,0.0,122529913.13437451,0.0,100455669.33672759,0.0,36638443.08991128,0.0,173286182.40483302,0.0,1149100000.0,0.0
425,237161696.09891078,0.0,122529913.13437451,0.0,100455669.33672759,0.0,37026903.68866358,0.0001560069120808741,173286182.40483302,0.0,1149100000.0,0.0
426,237161696.09891078,0.0,122529913.13437451,0.0,108852154.16137275,0.013975831388781147,36638443.08991128,0.0,173286182.40483302,0.0,1149100000.0,0.0
427,237161696.09891078,0.0,122529913.13437451,0.0,100455669.33672759,0.0,36638443.08991128,0.0,173286182.40483302,0.0,1149100000.0,0.0
428,237161696.09891078,0.0,122529913.13437451,0.0,100455669.33672759,0.0,36638443.08991128,0.0,173286182.40483302,0.0,1149100000.0,0.0
429,237161696.09891078,0.0,122529913.13437451,0.0,100455669.33672759,0.0,36638443.08991128,0.0,173286182.40483302,0.0,1149100000.0,0.0
430,237161696.09891078,0.0,122529913.13437451,0.0,100455669.33672759,0.0,36638443.08991128,0.0,173286182.40483302,0.0,1149100000.0,0.0
431,237161696.09891078,0.0,122529913.13437451,0.0,100455669.33672759,0.0,44525224.66824593,0.004505594661412857,173286182.40483302,0.0,1149100000.0,0.0
432,237161696.09891078,0.0,122529913.13437451,0.0,100455669.33672759,0.0,36638443.08991128,0.0,173286182.40483302,0.0,1149100000.0,0.0
433,237161696.09891078,0.0,122529913.13437451,0.0,100455669.33672759,0.0,36638443.08991128,0.0,173286182.40483302,0.0,1149100000.0,0.0
434,237161696.09891078,0.0,122529913.13437451,0.0,100455669.33672759,0.0,36638443.08991128,0.0,173286182.40483302,0.0,1149100000.0,0.0
435,237161696.09891078,0.0,122529913.13437451,0.0,100455669.33672759,0.0,37811477.17608947,0.0007538735006567959,173286182.40483302,0.0,1149100000.0,0.0
436,237161696.09891078,0.0,122529913.13437451,0.0,100771305.59125288,0.0006774635281800408,36825203.4142748,0.00012036109209756858,173286182.40483302,0.0,1149100000.0,0.0
437,237161696.09891078,0.0,122529913.13437451,0.0,100455669.33672759,0.0,36638443.08991128,0.0,173286182.40483302,0.0,1149100000.0,0.0
438,237161696.09891078,0.0,122529913.13437451,0.0,100455669.33672759,0.0,37425369.041129924,0.00029983630201594886,173286182.40483302,0.0,1149100000.0,0.0
439,237161696.09891078,0.0,126341745.40976587,0.004433286446971902,100455669.33672759,0.0,36638443.08991128,0.0,173286182.40483302,0.0,1149100000.0,0.0
440,237161696.09891078,0.0,122529913.13437451,0.0,100716749.46081701,0.0006878109245127304,41094518.388234995,0.0027203299209994,173286182.40483302,0.0,1149100000.0,0.0
441,237161696.09891078,0.0,127315496.74361408,0.004434793896622803,108979584.47537538,0.014290626789570902,40390281.48784743,0.0017696868207123532,173286182.40483302,0.0,1149100000.0,0.0
442,237161696.09891078,0.0,129564730.54628298,0.00803972748314224,100455669.33672759,0.0,36638443.08991128,0.0,173286182.40483302,0.0,1149100000.0,0.0
443,237161696.09891078,0.0,122529913.13437451,0.0,100455669.33672759,0.0,36638443.08991128,0.0,173286182.40483302,0.0,1149100000.0,0.0
444,237161696.09891078,0.0,122529913.13437451,0.0,100455669.33672759,0.0,36638443.08991128,0.0,173286182.40483302,0.0,1149100000.0,0.0
445,237161696.09891078,0.0,122529913.13437451,0.0,100455669.33672759,0.0,36638443.08991128,0.0,173286182.40483302,0.0,1149100000.0,0.0
446,237161696.09891078,0.0,133687311.75738844,0.010020221193606182,100455669.33672759,0.0,36833021.559603274,0.0001546283622539615,173286182.40483302,0.0,1149100000.0,0.0
447,237161696.09891078,0.0,122529913.13437451,0.0,100455669.33672759,0.0,36701265.76128051,3.370245062410343e-05,173286182.40483302,0.0,1149100000.0,0.0
448,237161696.09891078,0.0,122529913.13437451,0.0,100455669.33672759,0.0,36638443.08991128,0.0,173286182.40483302,0.0,1149100000.0,0.0
449,237161696.09891078,0.0,122529913.13437451,0.0,100455669.33672759,0.0,49735144.42521862,0.006991298865104557,173286182.40483302,0.0,1149100000.0,0.0
450,321888176.6351795,0.0,263270773.89450055,0.01357457520612883,122094886.35989553,0.0,62624166.80646288,0.0,161248381.36435187,0.0,321100000.0,4477.141242668464
451,321888176.6351795,0.0,190549713.6537247,0.001038228888368937,122094886.35989553,0.0,62624166.80646288,0.0,191295036.3448668,0.006040943706985636,321100000.0,2613.1853628673907
452,321888176.6351795,0.0,189028942.01757622,0.0010483347389059934,122094886.35989553,0.0,62624166.80646288,0.0,161248381.36435187,0.0,321100000.0,308.7362481681823
453,321888176.6351795,0.0,186628534.42074972,0.0003402117303010223,122094886.35989553,0.0,62624166.80646288,0.0,176505170.80362573,0.0020386356496164214,321100000.0,853.1314266265501
454,321888176.6351795,0.0,222339707.59185898,0.005235245806975531,122094886.35989553,0.0,62624166.80646288,0.0,161248381.36435187,0.0,321100000.0,1624.5215812497725
455,321888176.6351795,0.0,186642330.9737957,0.0003439653909327923,122094886.35989553,0.0,62624166.80646288,0.0,161248381.36435187,0.0,321100000.0,101.09912244020212
456,321888176.6351795,0.0,186135681.6847669,0.00033773009028346984,122094886.35989553,0.0,62624166.80646288,0.0,161248381.36435187,0.0,321100000.0,100.41090410022393
457,321888176.6351795,0.0,189881339.99784932,0.000861141625229635,122094886.35989553,0.0,62624166.80646288,0.0,161248381.36435187,0.0,321100000.0,253.83899038474317
458,321888176.6351795,0.0,185338074.3994338,0.00015695660822261532,122094886.35989553,0.0,62624166.80646288,0.0,161248381.36435187,0.0,321100000.0,46.22221009937852
459,321888176.6351795,0.0,197136874.38139465,0.0019450108673316165,122094886.35989553,0.0,62624166.80646288,0.0,425570967.7592051,0.03217042194095289,321100000.0,15293.985104160676
460,321888176.6351795,0.0,184240456.14366168,0.0,122094886.35989553,0.0,62624166.80646288,0.0,285699345.20564425,0.012516837477849367,321100000.0,4859.633165214675
461,321888176.6351795,0.0,184240456.14366168,0.0,122094886.35989553,0.0,62624166.80646288,0.0,165588857.31258276,0.0007335040398958147,321100000.0,267.0165816752758
462,321888176.6351795,0.0,184240456.14366168,0.0,122094886.35989553,0.0,62624166.80646288,0.0,217475061.87358093,0.0056624947424134195,321100000.0,2187.4054575658283
463,321888176.6351795,0.0,197396845.85960904,0.002132433344879278,122094886.35989553,0.0,62624166.80646288,0.0,161248381.36435187,0.0,321100000.0,653.0987766572246
464,321888176.6351795,0.0,188863067.12719402,0.0008544524865518679,122094886.35989553,0.0,62624166.80646288,0.0,161248381.36435187,0.0,321100000.0,253.1006798884888
465,321888176.6351795,0.0,186651496.2515357,0.0003464590096009629,122094886.35989553,0.0,62624166.80646288,0.0,273363716.38849896,0.014512048138165996,321100000.0,5835.94949400738
466,321888176.6351795,0.0,184240456.14366168,0.0,122094886.35989553,0.0,62624166.80646288,0.0,168906832.14476493,0.0015831831986654423,321100000.0,573.2326262316537
467,321888176.6351795,0.0,297173381.51060355,0.01372311699876824,122094886.35989553,0.0,62624166.80646288,0.0,161248381.36435187,0.0,321100000.0,4501.222424926034
468,321888176.6351795,0.0,214582528.03350282,0.0037306356244921667,122094886.35989553,0.0,62624166.80646288,0.0,161248381.36435187,0.0,321100000.0,1143.741054752772
469,321888176.6351795,0.0,214573492.8437372,0.003463297605948272,122094886.35989553,0.0,62624166.80646288,0.0,185017674.8855333,0.0023989695339845466,321100000.0,1986.0902174958442
470,321888176.6351795,0.0,184462773.10135353,3.21316260620242e-05,122094886.35989553,0.0,62624166.80646288,0.0,161248381.36435187,0.0,321100000.0,9.330166402450978
471,321888176.6351795,0.0,485883400.693724,0.036611269021026197,122094886.35989553,0.0,62624166.80646288,0.0,161248381.36435187,0.0,321100000.0,12710.430568590178
472,321888176.6351795,0.0,184240456.14366168,0.0,122094886.35989553,0.0,62624166.80646288,0.0,227009539.08542964,0.006714885735588535,321100000.0,2521.384350220538
473,321888176.6351795,0.0,204817207.21179485,0.0036791697271479637,122094886.35989553,0.0,62624166.80646288,0.0,161248381.36435187,0.0,321100000.0,1138.0605308409756
474,321888176.6351795,0.0,228830738.2535408,0.005023126040437008,122094886.35989553,0.0,62624166.80646288,0.0,161248381.36435187,0.0,321100000.0,1573.4039024541157
475,321888176.6351795,0.0,185683872.112001,0.00016111218887315874,122094886.35989553,0.0,62624166.80646288,0.0,176316762.9651332,0.001567756033384675,321100000.0,614.9415339812481
476,321888176.6351795,0.0,239220339.27553666,0.00788241583181279,122094886.35989553,0.0,62624166.80646288,0.0,161248381.36435187,0.0,321100000.0,2518.067320817573
477,321888176.6351795,0.0,259345929.64801764,0.008697874776212682,122094886.35989553,0.0,62624166.80646288,0.0,161248381.36435187,0.0,321100000.0,2786.609458561761
478,321888176.6351795,0.0,196961808.8977332,0.001728467316825375,122094886.35989553,0.0,62624166.80646288,0.0,170755786.2304969,0.000978626371718977,321100000.0,879.2186849871166
479,321888176.6351795,0.0,211653554.58725053,0.004898446141151648,122094886.35989553,0.0,62624166.80646288,0.0,183214291.7187333,0.0035843130040061092,321100000.0,2952.644581898909
480,321888176.6351795,0.0,187686220.63591915,0.0007112534304377814,122094886.35989553,0.0,62624166.80646288,0.0,164207236.44060442,0.0005988198829443615,321100000.0,439.6000318041375
481,321888176.6351795,0.0,203326440.98028198,0.003524059384707615,122094886.35989553,0.0,62624166.80646288,0.0,161248381.36435187,0.0,321100000.0,1073.634562259758
482,321888176.6351795,0.0,211134062.98564124,0.005251440281631253,122094886.35989553,0.0,62624166.80646288,0.0,255585713.2060979,0.01818377676165355,321100000.0,9305.315851564535
483,321888176.6351795,0.0,189242290.53862777,0.0008529428182897321,122094886.35989553,0.0,62624166.80646288,0.0,187892595.54550755,0.00442536886634867,321100000.0,1915.791661286405
484,321888176.6351795,0.0,194024021.14679387,0.0019503195726281943,122094886.35989553,0.0,62624166.80646288,0.0,169182796.27463147,0.0016101267649319892,321100000.0,1192.368370057783
485,321888176.6351795,0.0,191675658.2306969,0.0013830485789296163,122094886.35989553,0.0,62624166.80646288,0.0,161248381.36435187,0.0,321100000.0,412.5459985641203
486,321888176.6351795,0.0,189698845.65245172,0.0010352304950976764,122094886.35989553,0.0,62624166.80646288,0.0,161248381.36435187,0.0,321100000.0,307.28987349795545
487,321888176.6351795,0.0,185820567.71417853,0.00034868214553363127,122094886.35989553,0.0,62624166.80646288,0.0,161248381.36435187,0.0,321100000.0,101.6197319831961
488,321888176.6351795,0.0,196844580.9294435,0.0013698451556668028,122094886.35989553,0.0,62624166.80646288,0.0,202235355.47266358,0.00416075555787598,321100000.0,1988.6648962519505
489,321888176.6351795,0.0,362149059.42890936,0.030603760686023416,122094886.35989553,0.0,62624166.80646288,0.0,161248381.36435187,0.0,321100000.0,10488.970917463728
490,321888176.6351795,0.0,203275281.66023013,0.00350575762453173,122094886.35989553,0.0,62624166.80646288,0.0,161248381.36435187,0.0,321100000.0,1071.6145141954687
491,321888176.6351795,0.0,366119078.5410268,0.023669944532752736,122094886.35989553,0.0,62624166.80646288,0.0,161248381.36435187,0.0,321100000.0,7940.722588351409
492,321888176.6351795,0.0,602510810.6418474,0.05931986629893113,122094886.35989553,0.0,62624166.80646288,0.0,161248381.36435187,0.0,321100000.0,21534.83294748013
493,321888176.6351795,0.0,184416798.40378657,3.1868900393399705e-05,122094886.35989553,0.0,62624166.80646288,0.0,165750777.70940349,0.0007626808356330515,321100000.0,285.72104760438384
494,321888176.6351795,0.0,193908310.99192455,0.0017002945903825206,122094886.35989553,0.0,62624166.80646288,0.0,161248381.36435187,0.0,321100000.0,514.3204641590803
495,321888176.6351795,0.0,202365217.35594162,0.0019687094368860186,122094886.35989553,0.0,62624166.80646288,0.0,161248381.36435187,0.0,321100000.0,591.2523634217423
496,321888176.6351795,0.0,688179275.1216854,0.0712793533260931,122094886.35989553,0.0,62624166.80646288,0.0,161248381.36435187,0.0,321100000.0,26405.488736628187
497,321888176.6351795,0.0,186655754.86323485,0.00034761766010067013,122094886.35989553,0.0,62624166.80646288,0.0,161248381.36435187,0.0,321100000.0,101.50223991043086
498,321888176.6351795,0.0,186131485.22696856,0.00033629693593108327,122094886.35989553,0.0,62624166.80646288,0.0,175521646.42092192,0.0023839913852809792,321100000.0,986.9446040706109
499,321888176.6351795,0.0,242235120.52261883,0.009716858765888903,122094886.35989553,0.0,62624166.80646288,0.0,161248381.36435187,0.0,321100000.0,3138.752058717287
